Angular Acceleration (rad/s²) Run #11,Time (s) Auto,,,Angular Acceleration (rad/s²) Run #12,Time (s) Auto,,,Angular Acceleration (rad/s²) Run #14,Time (s) Auto,,Angular Acceleration (rad/s²) Run #15,Time (s) Auto,,,Angular Acceleration (rad/s²) Run #16,Time (s) Auto
-0.982,0.04,,,0.982,1.02,,,0.873,0.34,,1.2,0.72,,,1.745,0.5
-0.436,0.06,,,0.873,1.04,,,0.982,0.36,,1.418,0.74,,,1.963,0.52
-0.109,0.08,,,0.545,1.06,,,1.091,0.38,,1.636,0.76,,,1.745,0.54
-3.47E-16,0.1,,,0.545,1.08,,,0.982,0.4,,1.745,0.78,,,1.418,0.56
-0.109,0.12,,,0.764,1.1,,,0.873,0.42,,1.636,0.8,,,1.418,0.58
-0.327,0.14,,,0.764,1.12,,,0.982,0.44,,1.418,0.82,,,1.527,0.6
-0.545,0.16,,,0.545,1.14,,,1.091,0.46,,1.309,0.84,,,1.527,0.62
-0.545,0.18,,,0.545,1.16,,,0.982,0.48,,1.2,0.86,,,1.418,0.64
-0.327,0.2,,,0.873,1.18,,,0.764,0.5,,1.091,0.88,,,1.309,0.66
-0.109,0.22,,,1.091,1.2,,,0.764,0.52,,1.091,0.9,,,1.418,0.68
-0.109,0.24,,,0.873,1.22,,,0.982,0.54,,1.2,0.92,,,1.636,0.7
-0.327,0.26,,,0.436,1.24,,,1.2,0.56,,1.309,0.94,,,1.854,0.72
-0.436,0.28,,,0.218,1.26,,,1.2,0.58,,1.309,0.96,,,1.854,0.74
-0.218,0.3,,,0.436,1.28,,,0.982,0.6,,1.309,0.98,,,1.527,0.76
0.109,0.32,,,0.873,1.3,,,0.873,0.62,,1.2,1,,,1.091,0.78
0.109,0.34,,,1.091,1.32,,,0.982,0.64,,1.091,1.02,,,0.982,0.8
-0.109,0.36,,,0.873,1.34,,,1.091,0.66,,1.091,1.04,,,1.309,0.82
-0.109,0.38,,,0.436,1.36,,,0.982,0.68,,1.2,1.06,,,1.636,0.84
0.218,0.4,,,0.218,1.38,,,0.764,0.7,,1.309,1.08,,,1.636,0.86
0.436,0.42,,,0.436,1.4,,,0.654,0.72,,1.309,1.1,,,1.527,0.88
0.327,0.44,,,0.873,1.42,,,0.764,0.74,,1.309,1.12,,,1.636,0.9
0.109,0.46,,,1.091,1.44,,,0.982,0.76,,1.309,1.14,,,1.636,0.92
0,0.48,,,0.873,1.46,,,1.2,0.78,,1.309,1.16,,,1.309,0.94
0,0.5,,,0.545,1.48,,,1.2,0.8,,1.309,1.18,,,0.982,0.96
0,0.52,,,0.545,1.5,,,0.982,0.82,,1.2,1.2,,,1.091,0.98
0,0.54,,,0.764,1.52,,,0.873,0.84,,0.982,1.22,,,1.527,1
0,0.56,,,0.764,1.54,,,0.982,0.86,,0.982,1.24,,,1.854,1.02
0,0.58,,,0.545,1.56,,,1.2,0.88,,1.309,1.26,,,1.854,1.04
0,0.6,,,0.545,1.58,,,1.2,0.9,,1.636,1.28,,,1.636,1.06
0,0.62,,,0.764,1.6,,,0.873,0.92,,1.527,1.3,,,1.418,1.08
0,0.64,,,0.764,1.62,,,0.545,0.94,,1.091,1.32,,,1.309,1.1
-0.109,0.66,,,0.545,1.64,,,0.545,0.96,,0.873,1.34,,,1.309,1.12
-0.327,0.68,,,0.545,1.66,,,0.873,0.98,,0.982,1.36,,,1.309,1.14
-0.436,0.7,,,0.764,1.68,,,1.2,1,,1.2,1.38,,,1.418,1.16
-0.327,0.72,,,0.873,1.7,,,1.309,1.02,,1.309,1.4,,,1.527,1.18
-0.109,0.74,,,0.764,1.72,,,1.309,1.04,,1.309,1.42,,,1.527,1.2
-0.109,0.76,,,0.654,1.74,,,1.2,1.06,,1.309,1.44,,,1.418,1.22
-0.218,0.78,,,0.654,1.76,,,0.873,1.08,,1.309,1.46,,,1.418,1.24
-0.109,0.8,,,0.654,1.78,,,0.545,1.1,,1.309,1.48,,,1.527,1.26
0.218,0.82,,,0.654,1.8,,,0.545,1.12,,1.309,1.5,,,1.527,1.28
0.545,0.84,,,0.654,1.82,,,0.873,1.14,,1.309,1.52,,,1.418,1.3
0.545,0.86,,,0.654,1.84,,,1.091,1.16,,1.309,1.54,,,1.309,1.32
0.436,0.88,,,0.654,1.86,,,0.982,1.18,,1.309,1.56,,,1.309,1.34
0.545,0.9,,,0.654,1.88,,,0.873,1.2,,1.309,1.58,,,1.309,1.36
0.873,0.92,,,0.654,1.9,,,0.982,1.22,,1.309,1.6,,,1.418,1.38
1.091,0.94,,,0.764,1.92,,,1.091,1.24,,1.309,1.62,,,1.636,1.4
0.873,0.96,,,0.873,1.94,,,0.982,1.26,,1.309,1.64,,,1.745,1.42
0.436,0.98,,,0.873,1.96,,,0.873,1.28,,1.309,1.66,,,1.527,1.44
0.109,1,,,0.654,1.98,,,0.982,1.3,,1.309,1.68,,,1.2,1.46
-1.04E-15,1.02,,,0.327,2,,,1.091,1.32,,1.2,1.7,,,1.2,1.48
0.109,1.04,,,0.218,2.02,,,0.982,1.34,,0.982,1.72,,,1.527,1.5
0.327,1.06,,,0.436,2.04,,,0.764,1.36,,0.982,1.74,,,1.745,1.52
0.545,1.08,,,0.873,2.06,,,0.654,1.38,,1.309,1.76,,,1.636,1.54
0.654,1.1,,,1.091,2.08,,,0.764,1.4,,1.636,1.78,,,1.418,1.56
0.654,1.12,,,0.982,2.1,,,0.982,1.42,,1.636,1.8,,,1.309,1.58
0.654,1.14,,,0.764,2.12,,,1.2,1.44,,1.418,1.82,,,1.309,1.6
0.545,1.16,,,0.654,2.14,,,1.2,1.46,,1.309,1.84,,,1.309,1.62
0.327,1.18,,,0.545,2.16,,,0.982,1.48,,1.2,1.86,,,1.309,1.64
0.109,1.2,,,0.436,2.18,,,0.873,1.5,,1.091,1.88,,,1.309,1.66
0.109,1.22,,,0.436,2.2,,,0.873,1.52,,1.2,1.9,,,1.418,1.68
0.327,1.24,,,0.545,2.22,,,0.873,1.54,,1.418,1.92,,,1.636,1.7
0.545,1.26,,,0.654,2.24,,,0.764,1.56,,1.418,1.94,,,1.745,1.72
0.654,1.28,,,0.764,2.26,,,0.764,1.58,,1.091,1.96,,,1.636,1.74
0.545,1.3,,,0.982,2.28,,,0.982,1.6,,0.873,1.98,,,1.418,1.76
0.327,1.32,,,0.982,2.3,,,1.091,1.62,,1.091,2,,,1.309,1.78
0.109,1.34,,,0.654,2.32,,,0.982,1.64,,1.418,2.02,,,1.309,1.8
0.109,1.36,,,0.327,2.34,,,0.873,1.66,,1.527,2.04,,,1.309,1.82
0.436,1.38,,,0.436,2.36,,,0.982,1.68,,1.418,2.06,,,1.418,1.84
0.764,1.4,,,0.764,2.38,,,1.091,1.7,,1.309,2.08,,,1.636,1.86
0.873,1.42,,,0.873,2.4,,,0.982,1.72,,1.309,2.1,,,1.745,1.88
0.654,1.44,,,0.764,2.42,,,0.764,1.74,,1.2,2.12,,,1.636,1.9
0.327,1.46,,,0.654,2.44,,,0.764,1.76,,0.982,2.14,,,1.418,1.92
0.109,1.48,,,0.654,2.46,,,0.982,1.78,,0.764,2.16,,,1.309,1.94
-6.94E-15,1.5,,,0.654,2.48,,,1.2,1.8,,0.873,2.18,,,1.309,1.96
0.109,1.52,,,0.654,2.5,,,1.2,1.82,,1.309,2.2,,,1.418,1.98
0.327,1.54,,,0.545,2.52,,,0.873,1.84,,1.636,2.22,,,1.636,2
0.654,1.56,,,0.436,2.54,,,0.545,1.86,,1.527,2.24,,,1.745,2.02
0.873,1.58,,,0.545,2.56,,,0.545,1.88,,1.2,2.26,,,1.527,2.04
0.764,1.6,,,0.873,2.58,,,0.873,1.9,,1.2,2.28,,,1.2,2.06
0.436,1.62,,,1.091,2.6,,,1.091,1.92,,1.418,2.3,,,1.2,2.08
0.109,1.64,,,0.873,2.62,,,0.873,1.94,,1.418,2.32,,,1.527,2.1
0.109,1.66,,,0.436,2.64,,,0.545,1.96,,1.091,2.34,,,1.745,2.12
0.327,1.68,,,0.218,2.66,,,0.545,1.98,,0.873,2.36,,,1.636,2.14
0.436,1.7,,,0.436,2.68,,,0.873,2,,0.982,2.38,,,1.418,2.16
0.327,1.72,,,0.873,2.7,,,1.2,2.02,,1.2,2.4,,,1.309,2.18
0.218,1.74,,,1.091,2.72,,,1.309,2.04,,1.309,2.42,,,1.309,2.2
0.436,1.76,,,0.873,2.74,,,1.2,2.06,,1.309,2.44,,,1.309,2.22
0.764,1.78,,,0.545,2.76,,,0.982,2.08,,1.309,2.46,,,1.418,2.24
0.654,1.8,,,0.436,2.78,,,0.764,2.1,,1.309,2.48,,,1.527,2.26
0.218,1.82,,,0.545,2.8,,,0.764,2.12,,1.309,2.5,,,1.527,2.28
0.109,1.84,,,0.654,2.82,,,0.873,2.14,,1.2,2.52,,,1.418,2.3
0.436,1.86,,,0.654,2.84,,,0.764,2.16,,0.982,2.54,,,1.418,2.32
0.654,1.88,,,0.764,2.86,,,0.654,2.18,,0.873,2.56,,,1.636,2.34
0.436,1.9,,,0.873,2.88,,,0.764,2.2,,1.091,2.58,,,1.745,2.36
0.218,1.92,,,0.873,2.9,,,1.091,2.22,,1.527,2.6,,,1.527,2.38
0.327,1.94,,,0.764,2.92,,,1.2,2.24,,1.745,2.62,,,1.091,2.4
0.436,1.96,,,0.654,2.94,,,0.982,2.26,,1.527,2.64,,,0.982,2.42
0.436,1.98,,,0.654,2.96,,,0.873,2.28,,1.091,2.66,,,1.309,2.44
0.436,2,,,0.545,2.98,,,0.873,2.3,,0.873,2.68,,,1.636,2.46
0.436,2.02,,,0.436,3,,,0.873,2.32,,0.982,2.7,,,1.636,2.48
0.327,2.04,,,0.545,3.02,,,0.764,2.34,,1.2,2.72,,,1.418,2.5
0.218,2.06,,,0.873,3.04,,,0.654,2.36,,1.309,2.74,,,1.309,2.52
0.436,2.08,,,1.091,3.06,,,0.764,2.38,,1.309,2.76,,,1.309,2.54
0.764,2.1,,,0.873,3.08,,,0.982,2.4,,1.2,2.78,,,1.418,2.56
0.764,2.12,,,0.545,3.1,,,1.2,2.42,,0.982,2.8,,,1.636,2.58
0.436,2.14,,,0.436,3.12,,,1.2,2.44,,0.873,2.82,,,1.636,2.6
0.109,2.16,,,0.545,3.14,,,0.982,2.46,,1.091,2.84,,,1.309,2.62
0,2.18,,,0.654,3.16,,,0.764,2.48,,1.527,2.86,,,0.982,2.64
0.109,2.2,,,0.654,3.18,,,0.654,2.5,,1.745,2.88,,,1.091,2.66
0.327,2.22,,,0.654,3.2,,,0.764,2.52,,1.527,2.9,,,1.527,2.68
0.545,2.24,,,0.654,3.22,,,0.982,2.54,,1.091,2.92,,,1.745,2.7
0.654,2.26,,,0.654,3.24,,,1.2,2.56,,0.764,2.94,,,1.636,2.72
0.545,2.28,,,0.654,3.26,,,1.2,2.58,,0.764,2.96,,,1.418,2.74
0.327,2.3,,,0.654,3.28,,,0.982,2.6,,0.982,2.98,,,1.309,2.76
0.109,2.32,,,0.654,3.3,,,0.764,2.62,,1.2,3,,,1.309,2.78
0.109,2.34,,,0.764,3.32,,,0.654,2.64,,1.309,3.02,,,1.309,2.8
0.436,2.36,,,0.873,3.34,,,0.654,2.66,,1.309,3.04,,,1.309,2.82
0.764,2.38,,,0.873,3.36,,,0.654,2.68,,1.309,3.06,,,1.309,2.84
0.764,2.4,,,0.764,3.38,,,0.764,2.7,,1.2,3.08,,,1.309,2.86
0.436,2.42,,,0.654,3.4,,,0.982,2.72,,0.982,3.1,,,1.418,2.88
0.218,2.44,,,0.654,3.42,,,1.2,2.74,,0.873,3.12,,,1.527,2.9
0.327,2.46,,,0.545,3.44,,,1.2,2.76,,1.091,3.14,,,1.527,2.92
0.436,2.48,,,0.327,3.46,,,0.982,2.78,,1.418,3.16,,,1.418,2.94
0.327,2.5,,,0.218,3.48,,,0.873,2.8,,1.527,3.18,,,1.309,2.96
0.218,2.52,,,0.436,3.5,,,0.873,2.82,,1.309,3.2,,,1.309,2.98
0.327,2.54,,,0.873,3.52,,,0.873,2.84,,0.982,3.22,,,1.309,3
0.545,2.56,,,1.091,3.54,,,0.873,2.86,,0.873,3.24,,,1.418,3.02
0.654,2.58,,,0.873,3.56,,,0.982,2.88,,0.982,3.26,,,1.527,3.04
0.545,2.6,,,0.545,3.58,,,1.2,2.9,,1.2,3.28,,,1.527,3.06
0.327,2.62,,,0.545,3.6,,,1.091,2.92,,1.2,3.3,,,1.418,3.08
0.109,2.64,,,0.764,3.62,,,0.764,2.94,,1.091,3.32,,,1.418,3.1
-2.22E-14,2.66,,,0.764,3.64,,,0.654,2.96,,1.2,3.34,,,1.527,3.12
-7.22E-14,2.68,,,0.545,3.66,,,0.873,2.98,,1.418,3.36,,,1.418,3.14
-5.00E-14,2.7,,,0.545,3.68,,,1.2,3,,1.418,3.38,,,1.2,3.16
5.00E-14,2.72,,,0.764,3.7,,,1.2,3.02,,1.091,3.4,,,1.2,3.18
1.28E-13,2.74,,,0.764,3.72,,,0.982,3.04,,0.873,3.42,,,1.527,3.2
1.11E-13,2.76,,,0.545,3.74,,,0.654,3.06,,0.982,3.44,,,1.745,3.22
0.109,2.78,,,0.545,3.76,,,0.436,3.08,,1.091,3.46,,,1.636,3.24
0.218,2.8,,,0.764,3.78,,,0.545,3.1,,0.982,3.48,,,1.418,3.26
0.218,2.82,,,0.764,3.8,,,0.982,3.12,,0.873,3.5,,,1.309,3.28
0.218,2.84,,,0.436,3.82,,,1.418,3.14,,1.091,3.52,,,1.309,3.3
0.327,2.86,,,0.218,3.84,,,1.418,3.16,,1.418,3.54,,,1.309,3.32
0.545,2.88,,,0.327,3.86,,,1.091,3.18,,1.418,3.56,,,1.309,3.34
0.545,2.9,,,0.545,3.88,,,0.764,3.2,,1.091,3.58,,,1.309,3.36
0.327,2.92,,,0.654,3.9,,,0.764,3.22,,0.873,3.6,,,1.418,3.38
0.109,2.94,,,0.654,3.92,,,0.873,3.24,,1.091,3.62,,,1.636,3.4
0.109,2.96,,,0.654,3.94,,,0.873,3.26,,1.418,3.64,,,1.745,3.42
0.327,2.98,,,0.654,3.96,,,0.764,3.28,,1.418,3.66,,,1.636,3.44
0.545,3,,,0.654,3.98,,,0.764,3.3,,1.091,3.68,,,1.418,3.46
0.545,3.02,,,0.654,4,,,1.091,3.32,,0.873,3.7,,,1.309,3.48
0.327,3.04,,,0.654,4.02,,,1.309,3.34,,0.982,3.72,,,1.309,3.5
0.218,3.06,,,0.654,4.04,,,1.2,3.36,,1.2,3.74,,,1.309,3.52
0.327,3.08,,,0.654,4.06,,,0.873,3.38,,1.309,3.76,,,1.418,3.54
0.545,3.1,,,0.654,4.08,,,0.764,3.4,,1.309,3.78,,,1.527,3.56
0.545,3.12,,,0.654,4.1,,,0.982,3.42,,1.309,3.8,,,1.527,3.58
0.436,3.14,,,0.654,4.12,,,1.091,3.44,,1.309,3.82,,,1.418,3.6
0.436,3.16,,,0.654,4.14,,,0.982,3.46,,1.309,3.84,,,1.309,3.62
0.436,3.18,,,0.654,4.16,,,0.764,3.48,,1.2,3.86,,,1.418,3.64
0.327,3.2,,,0.654,4.18,,,0.654,3.5,,0.982,3.88,,,1.527,3.66
0.218,3.22,,,0.545,4.2,,,0.654,3.52,,0.873,3.9,,,1.527,3.68
0.327,3.24,,,0.436,4.22,,,0.764,3.54,,0.982,3.92,,,1.418,3.7
0.436,3.26,,,0.436,4.24,,,0.982,3.56,,1.2,3.94,,,1.418,3.72
0.327,3.28,,,0.545,4.26,,,1.2,3.58,,1.309,3.96,,,1.636,3.74
0.218,3.3,,,0.654,4.28,,,1.2,3.6,,1.309,3.98,,,1.636,3.76
0.327,3.32,,,0.654,4.3,,,0.982,3.62,,1.2,4,,,1.309,3.78
0.545,3.34,,,0.764,4.32,,,0.764,3.64,,0.982,4.02,,,0.982,3.8
0.654,3.36,,,0.873,4.34,,,0.654,3.66,,0.873,4.04,,,1.091,3.82
0.654,3.38,,,0.873,4.36,,,0.764,3.68,,1.091,4.06,,,1.527,3.84
0.545,3.4,,,0.764,4.38,,,0.982,3.7,,1.418,4.08,,,1.745,3.86
0.327,3.42,,,0.654,4.4,,,1.091,3.72,,1.527,4.1,,,1.527,3.88
0.109,3.44,,,0.654,4.42,,,0.982,3.74,,1.418,4.12,,,1.091,3.9
9.71E-14,3.46,,,0.545,4.44,,,0.764,3.76,,1.2,4.14,,,0.873,3.92
0.109,3.48,,,0.436,4.46,,,0.654,3.78,,0.982,4.16,,,1.091,3.94
0.327,3.5,,,0.545,4.48,,,0.764,3.8,,0.873,4.18,,,1.527,3.96
0.545,3.52,,,0.873,4.5,,,0.982,3.82,,1.091,4.2,,,1.745,3.98
0.654,3.54,,,1.091,4.52,,,1.2,3.84,,1.418,4.22,,,1.636,4
0.654,3.56,,,0.873,4.54,,,1.091,3.86,,1.418,4.24,,,1.418,4.02
0.545,3.58,,,0.436,4.56,,,0.764,3.88,,1.091,4.26,,,1.309,4.04
0.327,3.6,,,0.218,4.58,,,0.654,3.9,,0.873,4.28,,,1.309,4.06
0.109,3.62,,,0.436,4.6,,,0.873,3.92,,0.982,4.3,,,1.309,4.08
0.109,3.64,,,0.873,4.62,,,1.091,3.94,,1.309,4.32,,,1.309,4.1
0.327,3.66,,,1.091,4.64,,,0.873,3.96,,1.527,4.34,,,1.309,4.12
0.545,3.68,,,0.873,4.66,,,0.654,3.98,,1.418,4.36,,,1.309,4.14
0.654,3.7,,,0.545,4.68,,,0.764,4,,1.091,4.38,,,1.418,4.16
0.545,3.72,,,0.436,4.7,,,1.091,4.02,,0.873,4.4,,,1.527,4.18
0.327,3.74,,,0.545,4.72,,,1.2,4.04,,1.091,4.42,,,1.527,4.2
0.109,3.76,,,0.654,4.74,,,0.982,4.06,,1.418,4.44,,,1.418,4.22
0.109,3.78,,,0.654,4.76,,,0.764,4.08,,1.418,4.46,,,1.309,4.24
0.327,3.8,,,0.654,4.78,,,0.654,4.1,,1.091,4.48,,,1.309,4.26
0.545,3.82,,,0.654,4.8,,,0.764,4.12,,0.873,4.5,,,1.2,4.28
0.654,3.84,,,0.764,4.82,,,0.982,4.14,,0.982,4.52,,,1.091,4.3
0.545,3.86,,,0.873,4.84,,,1.091,4.16,,1.2,4.54,,,1.091,4.32
0.327,3.88,,,0.764,4.86,,,0.982,4.18,,1.309,4.56,,,1.309,4.34
0.109,3.9,,,0.545,4.88,,,0.873,4.2,,1.309,4.58,,,1.636,4.36
0.109,3.92,,,0.545,4.9,,,0.982,4.22,,1.309,4.6,,,1.745,4.38
0.327,3.94,,,0.764,4.92,,,1.091,4.24,,1.309,4.62,,,1.527,4.4
0.545,3.96,,,0.764,4.94,,,0.982,4.26,,1.2,4.64,,,0.982,4.42
0.654,3.98,,,0.545,4.96,,,0.764,4.28,,0.982,4.66,,,,
0.545,4,,,0.545,4.98,,,0.654,4.3,,0.764,4.68,,,,
0.327,4.02,,,0.764,5,,,0.654,4.32,,0.764,4.7,,,,
0.218,4.04,,,0.764,5.02,,,0.764,4.34,,1.091,4.72,,,,
0.327,4.06,,,0.545,5.04,,,0.982,4.36,,1.418,4.74,,,,
0.436,4.08,,,0.545,5.06,,,1.091,4.38,,1.527,4.76,,,,
0.327,4.1,,,0.764,5.08,,,0.982,4.4,,1.309,4.78,,,,
0.218,4.12,,,0.873,5.1,,,0.873,4.42,,0.982,4.8,,,,
0.327,4.14,,,0.764,5.12,,,0.982,4.44,,0.873,4.82,,,,
0.436,4.16,,,0.654,5.14,,,1.091,4.46,,0.982,4.84,,,,
0.436,4.18,,,0.654,5.16,,,0.982,4.48,,1.2,4.86,,,,
0.436,4.2,,,0.545,5.18,,,0.764,4.5,,1.309,4.88,,,,
0.436,4.22,,,0.436,5.2,,,0.764,4.52,,1.2,4.9,,,,
0.327,4.24,,,0.436,5.22,,,0.982,4.54,,0.982,4.92,,,,
0.218,4.26,,,0.545,5.24,,,1.2,4.56,,0.764,4.94,,,,
0.436,4.28,,,0.764,5.26,,,1.2,4.58,,0.764,4.96,,,,
0.654,4.3,,,0.873,5.28,,,0.873,4.6,,1.091,4.98,,,,
0.436,4.32,,,0.873,5.3,,,0.545,4.62,,1.418,5,,,,
-7.22E-13,4.34,,,0.764,5.32,,,0.545,4.64,,1.418,5.02,,,,
-7.11E-13,4.36,,,0.654,5.34,,,0.873,4.66,,0.982,5.04,,,,
0.545,4.38,,,0.654,5.36,,,1.2,4.68,,0.545,5.06,,,,
0.873,4.4,,,0.545,5.38,,,1.2,4.7,,0.545,5.08,,,,
0.654,4.42,,,0.436,5.4,,,0.982,4.72,,0.764,5.1,,,,
0.218,4.44,,,0.545,5.42,,,0.764,4.74,,0.764,5.12,,,,
0.109,4.46,,,0.873,5.44,,,0.764,4.76,,0.436,5.14,,,,
0.327,4.48,,,1.091,5.46,,,0.982,4.78,,0.218,5.16,,,,
0.436,4.5,,,0.873,5.48,,,1.091,4.8,,0.327,5.18,,,,
0.327,4.52,,,0.436,5.5,,,0.982,4.82,,0.436,5.2,,,,
0.109,4.54,,,0.218,5.52,,,0.873,4.84,,0.327,5.22,,,,
0.218,4.56,,,0.327,5.54,,,0.982,4.86,,0.218,5.24,,,,
0.654,4.58,,,0.545,5.56,,,1.091,4.88,,0.436,5.26,,,,
0.873,4.6,,,0.654,5.58,,,0.982,4.9,,0.982,5.28,,,,
0.545,4.62,,,0.764,5.6,,,0.764,4.92,,1.418,5.3,,,,
8.88E-14,4.64,,,0.982,5.62,,,0.654,4.94,,1.309,5.32,,,,
-3.28E-13,4.66,,,0.982,5.64,,,0.654,4.96,,0.764,5.34,,,,
0.436,4.68,,,0.654,5.66,,,0.764,4.98,,0.327,5.36,,,,
0.654,4.7,,,0.327,5.68,,,0.982,5,,0.327,5.38,,,,
0.436,4.72,,,0.436,5.7,,,1.2,5.02,,0.436,5.4,,,,
0.218,4.74,,,0.764,5.72,,,1.2,5.04,,0.327,5.42,,,,
0.327,4.76,,,0.764,5.74,,,0.982,5.06,,0.218,5.44,,,,
0.436,4.78,,,0.545,5.76,,,0.764,5.08,,0.327,5.46,,,,
0.436,4.8,,,0.545,5.78,,,0.654,5.1,,0.436,5.48,,,,
0.436,4.82,,,0.764,5.8,,,0.654,5.12,,0.327,5.5,,,,
0.436,4.84,,,0.764,5.82,,,0.654,5.14,,0.109,5.52,,,,
0.327,4.86,,,0.545,5.84,,,0.764,5.16,,0.109,5.54,,,,
0.218,4.88,,,0.545,5.86,,,0.982,5.18,,0.327,5.56,,,,
0.327,4.9,,,0.764,5.88,,,1.091,5.2,,0.436,5.58,,,,
0.436,4.92,,,0.764,5.9,,,0.873,5.22,,0.218,5.6,,,,
0.327,4.94,,,0.545,5.92,,,0.545,5.24,,-0.218,5.62,,,,
0.218,4.96,,,0.545,5.94,,,0.545,5.26,,-0.436,5.64,,,,
0.436,4.98,,,0.764,5.96,,,0.873,5.28,,,,,,,
0.764,5,,,0.764,5.98,,,1.2,5.3,,,,,,,
0.764,5.02,,,0.545,6,,,1.2,5.32,,,,,,,
0.436,5.04,,,0.436,6.02,,,0.982,5.34,,,,,,,
0.109,5.06,,,0.545,6.04,,,0.764,5.36,,,,,,,
0.109,5.08,,,0.654,6.06,,,0.654,5.38,,,,,,,
0.327,5.1,,,0.654,6.08,,,0.764,5.4,,,,,,,
0.436,5.12,,,0.764,6.1,,,0.982,5.42,,,,,,,
0.327,5.14,,,0.873,6.12,,,1.091,5.44,,,,,,,
0.109,5.16,,,0.873,6.14,,,0.982,5.46,,,,,,,
0.218,5.18,,,0.654,6.16,,,0.764,5.48,,,,,,,
0.654,5.2,,,0.327,6.18,,,0.654,5.5,,,,,,,
0.873,5.22,,,0.218,6.2,,,0.654,5.52,,,,,,,
0.654,5.24,,,0.436,6.22,,,0.654,5.54,,,,,,,
0.218,5.26,,,0.873,6.24,,,0.873,5.56,,,,,,,
0.109,5.28,,,1.091,6.26,,,1.2,5.58,,,,,,,
0.327,5.3,,,0.873,6.28,,,1.309,5.6,,,,,,,
0.545,5.32,,,0.436,6.3,,,1.091,5.62,,,,,,,
0.654,5.34,,,0.218,6.32,,,0.764,5.64,,,,,,,
0.545,5.36,,,0.436,6.34,,,0.654,5.66,,,,,,,
0.327,5.38,,,0.873,6.36,,,0.545,5.68,,,,,,,
0.109,5.4,,,1.091,6.38,,,0.436,5.7,,,,,,,
3.16E-13,5.42,,,0.873,6.4,,,0.545,5.72,,,,,,,
0.109,5.44,,,0.436,6.42,,,0.764,5.74,,,,,,,
0.436,5.46,,,0.218,6.44,,,0.764,5.76,,,,,,,
0.764,5.48,,,0.436,6.46,,,0.436,5.78,,,,,,,
0.764,5.5,,,0.873,6.48,,,0.218,5.8,,,,,,,
0.436,5.52,,,1.091,6.5,,,0.327,5.82,,,,,,,
0.218,5.54,,,0.873,6.52,,,0.436,5.84,,,,,,,
0.327,5.56,,,0.436,6.54,,,0.327,5.86,,,,,,,
0.436,5.58,,,0.327,6.56,,,0.218,5.88,,,,,,,
0.327,5.6,,,0.654,6.58,,,0.327,5.9,,,,,,,
0.218,5.62,,,0.982,6.6,,,0.545,5.92,,,,,,,
0.327,5.64,,,0.873,6.62,,,,,,,,,,,
0.545,5.66,,,0.545,6.64,,,,,,,,,,,
0.545,5.68,,,0.545,6.66,,,,,,,,,,,
0.327,5.7,,,0.764,6.68,,,,,,,,,,,
0.218,5.72,,,0.764,6.7,,,,,,,,,,,
0.327,5.74,,,0.545,6.72,,,,,,,,,,,
0.545,5.76,,,0.436,6.74,,,,,,,,,,,
0.545,5.78,,,0.545,6.76,,,,,,,,,,,
0.327,5.8,,,0.654,6.78,,,,,,,,,,,
0.218,5.82,,,0.654,6.8,,,,,,,,,,,
0.327,5.84,,,0.764,6.82,,,,,,,,,,,
0.545,5.86,,,0.873,6.84,,,,,,,,,,,
0.545,5.88,,,0.873,6.86,,,,,,,,,,,
0.327,5.9,,,0.764,6.88,,,,,,,,,,,
0.218,5.92,,,0.654,6.9,,,,,,,,,,,
0.327,5.94,,,0.654,6.92,,,,,,,,,,,
0.545,5.96,,,0.545,6.94,,,,,,,,,,,
0.545,5.98,,,0.436,6.96,,,,,,,,,,,
0.327,6,,,0.436,6.98,,,,,,,,,,,
0.218,6.02,,,0.545,7,,,,,,,,,,,
0.327,6.04,,,0.654,7.02,,,,,,,,,,,
0.545,6.06,,,0.654,7.04,,,,,,,,,,,
0.545,6.08,,,0.764,7.06,,,,,,,,,,,
0.327,6.1,,,0.873,7.08,,,,,,,,,,,
0.218,6.12,,,0.873,7.1,,,,,,,,,,,
0.327,6.14,,,0.654,7.12,,,,,,,,,,,
0.545,6.16,,,0.327,7.14,,,,,,,,,,,
0.545,6.18,,,0.218,7.16,,,,,,,,,,,
0.327,6.2,,,0.436,7.18,,,,,,,,,,,
0.109,6.22,,,0.873,7.2,,,,,,,,,,,
0.109,6.24,,,1.091,7.22,,,,,,,,,,,
0.327,6.26,,,0.873,7.24,,,,,,,,,,,
0.545,6.28,,,0.436,7.26,,,,,,,,,,,
0.545,6.3,,,0.218,7.28,,,,,,,,,,,
0.327,6.32,,,0.436,7.3,,,,,,,,,,,
0.218,6.34,,,0.873,7.32,,,,,,,,,,,
0.327,6.36,,,0.982,7.34,,,,,,,,,,,
0.545,6.38,,,0.654,7.36,,,,,,,,,,,
0.545,6.4,,,0.327,7.38,,,,,,,,,,,
0.436,6.42,,,0.436,7.4,,,,,,,,,,,
0.436,6.44,,,0.764,7.42,,,,,,,,,,,
0.436,6.46,,,0.764,7.44,,,,,,,,,,,
0.327,6.48,,,0.545,7.46,,,,,,,,,,,
0.218,6.5,,,0.545,7.48,,,,,,,,,,,
0.327,6.52,,,0.764,7.5,,,,,,,,,,,
0.436,6.54,,,0.764,7.52,,,,,,,,,,,
0.327,6.56,,,0.436,7.54,,,,,,,,,,,
0.218,6.58,,,0.327,7.56,,,,,,,,,,,
0.327,6.6,,,0.654,7.58,,,,,,,,,,,
0.436,6.62,,,0.982,7.6,,,,,,,,,,,
0.436,6.64,,,0.873,7.62,,,,,,,,,,,
0.436,6.66,,,0.436,7.64,,,,,,,,,,,
0.545,6.68,,,0.218,7.66,,,,,,,,,,,
0.545,6.7,,,0.327,7.68,,,,,,,,,,,
0.327,6.72,,,0.654,7.7,,,,,,,,,,,
0.218,6.74,,,0.873,7.72,,,,,,,,,,,
0.327,6.76,,,0.873,7.74,,,,,,,,,,,
0.545,6.78,,,0.764,7.76,,,,,,,,,,,
0.545,6.8,,,0.654,7.78,,,,,,,,,,,
0.327,6.82,,,0.654,7.8,,,,,,,,,,,
0.109,6.84,,,0.545,7.82,,,,,,,,,,,
-1.26E-12,6.86,,,0.436,7.84,,,,,,,,,,,
0.109,6.88,,,0.436,7.86,,,,,,,,,,,
0.327,6.9,,,0.545,7.88,,,,,,,,,,,
0.545,6.92,,,0.654,7.9,,,,,,,,,,,
0.654,6.94,,,0.654,7.92,,,,,,,,,,,
0.654,6.96,,,0.654,7.94,,,,,,,,,,,
0.545,6.98,,,0.654,7.96,,,,,,,,,,,
0.218,7,,,0.654,7.98,,,,,,,,,,,
2.22E-13,7.02,,,0.654,8,,,,,,,,,,,
0.218,7.04,,,0.654,8.02,,,,,,,,,,,
0.654,7.06,,,0.654,8.04,,,,,,,,,,,
0.764,7.08,,,0.654,8.06,,,,,,,,,,,
0.436,7.1,,,0.654,8.08,,,,,,,,,,,
0.218,7.12,,,0.654,8.1,,,,,,,,,,,
0.218,7.14,,,0.654,8.12,,,,,,,,,,,
0.218,7.16,,,0.654,8.14,,,,,,,,,,,
0.218,7.18,,,0.654,8.16,,,,,,,,,,,
0.327,7.2,,,0.764,8.18,,,,,,,,,,,
0.545,7.22,,,0.873,8.2,,,,,,,,,,,
0.545,7.24,,,0.764,8.22,,,,,,,,,,,
0.436,7.26,,,0.436,8.24,,,,,,,,,,,
0.436,7.28,,,0.218,8.26,,,,,,,,,,,
0.436,7.3,,,0.327,8.28,,,,,,,,,,,
0.327,7.32,,,0.436,8.3,,,,,,,,,,,
0.218,7.34,,,0.327,8.32,,,,,,,,,,,
0.327,7.36,,,0.218,8.34,,,,,,,,,,,
0.436,7.38,,,0.327,8.36,,,,,,,,,,,
0.327,7.4,,,0.436,8.38,,,,,,,,,,,
0.218,7.42,,,0.327,8.4,,,,,,,,,,,
0.436,7.44,,,0.218,8.42,,,,,,,,,,,
0.764,7.46,,,0.436,8.44,,,,,,,,,,,
0.764,7.48,,,0.764,8.46,,,,,,,,,,,
0.436,7.5,,,0.764,8.48,,,,,,,,,,,
0.109,7.52,,,0.436,8.5,,,,,,,,,,,
0.109,7.54,,,0.218,8.52,,,,,,,,,,,
0.327,7.56,,,0.327,8.54,,,,,,,,,,,
0.545,7.58,,,0.436,8.56,,,,,,,,,,,
0.654,7.6,,,0.327,8.58,,,,,,,,,,,
0.545,7.62,,,-4.37E-12,8.6,,,,,,,,,,,
0.327,7.64,,,-0.327,8.62,,,,,,,,,,,
0.218,7.66,,,-0.545,8.64,,,,,,,,,,,
0.327,7.68,,,-0.545,8.66,,,,,,,,,,,
0.545,7.7,,,-0.327,8.68,,,,,,,,,,,
0.545,7.72,,,,,,,,,,,,,,,
0.327,7.74,,,,,,,,,,,,,,,
0.218,7.76,,,,,,,,,,,,,,,
0.327,7.78,,,,,,,,,,,,,,,
0.545,7.8,,,,,,,,,,,,,,,
0.545,7.82,,,,,,,,,,,,,,,
0.327,7.84,,,,,,,,,,,,,,,
0.218,7.86,,,,,,,,,,,,,,,
0.327,7.88,,,,,,,,,,,,,,,
0.545,7.9,,,,,,,,,,,,,,,
0.654,7.92,,,,,,,,,,,,,,,
0.545,7.94,,,,,,,,,,,,,,,
0.327,7.96,,,,,,,,,,,,,,,
0.109,7.98,,,,,,,,,,,,,,,
0.109,8,,,,,,,,,,,,,,,
0.436,8.02,,,,,,,,,,,,,,,
0.764,8.04,,,,,,,,,,,,,,,
0.764,8.06,,,,,,,,,,,,,,,
0.436,8.08,,,,,,,,,,,,,,,
0.218,8.1,,,,,,,,,,,,,,,
0.327,8.12,,,,,,,,,,,,,,,
0.436,8.14,,,,,,,,,,,,,,,
0.327,8.16,,,,,,,,,,,,,,,
0.218,8.18,,,,,,,,,,,,,,,
0.327,8.2,,,,,,,,,,,,,,,
0.436,8.22,,,,,,,,,,,,,,,
0.436,8.24,,,,,,,,,,,,,,,
0.436,8.26,,,,,,,,,,,,,,,
0.436,8.28,,,,,,,,,,,,,,,
0.327,8.3,,,,,,,,,,,,,,,
0.218,8.32,,,,,,,,,,,,,,,
0.327,8.34,,,,,,,,,,,,,,,
0.436,8.36,,,,,,,,,,,,,,,
0.327,8.38,,,,,,,,,,,,,,,
0.218,8.4,,,,,,,,,,,,,,,
0.436,8.42,,,,,,,,,,,,,,,
0.764,8.44,,,,,,,,,,,,,,,
0.764,8.46,,,,,,,,,,,,,,,
0.436,8.48,,,,,,,,,,,,,,,
0.109,8.5,,,,,,,,,,,,,,,
0.109,8.52,,,,,,,,,,,,,,,
0.218,8.54,,,,,,,,,,,,,,,
0.218,8.56,,,,,,,,,,,,,,,
0.218,8.58,,,,,,,,,,,,,,,
0.327,8.6,,,,,,,,,,,,,,,
0.545,8.62,,,,,,,,,,,,,,,
0.654,8.64,,,,,,,,,,,,,,,
0.654,8.66,,,,,,,,,,,,,,,
0.545,8.68,,,,,,,,,,,,,,,
0.327,8.7,,,,,,,,,,,,,,,
0.109,8.72,,,,,,,,,,,,,,,
0.109,8.74,,,,,,,,,,,,,,,
0.327,8.76,,,,,,,,,,,,,,,
0.436,8.78,,,,,,,,,,,,,,,
0.327,8.8,,,,,,,,,,,,,,,
0.109,8.82,,,,,,,,,,,,,,,
0.109,8.84,,,,,,,,,,,,,,,
0.436,8.86,,,,,,,,,,,,,,,
0.764,8.88,,,,,,,,,,,,,,,
0.764,8.9,,,,,,,,,,,,,,,
0.436,8.92,,,,,,,,,,,,,,,
0.109,8.94,,,,,,,,,,,,,,,
0.109,8.96,,,,,,,,,,,,,,,
0.327,8.98,,,,,,,,,,,,,,,
0.545,9,,,,,,,,,,,,,,,
0.654,9.02,,,,,,,,,,,,,,,
0.545,9.04,,,,,,,,,,,,,,,
0.327,9.06,,,,,,,,,,,,,,,
0.109,9.08,,,,,,,,,,,,,,,
1.69E-12,9.1,,,,,,,,,,,,,,,
0.109,9.12,,,,,,,,,,,,,,,
0.327,9.14,,,,,,,,,,,,,,,
0.545,9.16,,,,,,,,,,,,,,,
0.545,9.18,,,,,,,,,,,,,,,
0.327,9.2,,,,,,,,,,,,,,,
0.218,9.22,,,,,,,,,,,,,,,
0.327,9.24,,,,,,,,,,,,,,,
0.545,9.26,,,,,,,,,,,,,,,
0.545,9.28,,,,,,,,,,,,,,,
0.327,9.3,,,,,,,,,,,,,,,
0.218,9.32,,,,,,,,,,,,,,,
0.327,9.34,,,,,,,,,,,,,,,
0.436,9.36,,,,,,,,,,,,,,,
0.327,9.38,,,,,,,,,,,,,,,
0.218,9.4,,,,,,,,,,,,,,,
0.327,9.42,,,,,,,,,,,,,,,
0.436,9.44,,,,,,,,,,,,,,,
0.327,9.46,,,,,,,,,,,,,,,
0.218,9.48,,,,,,,,,,,,,,,
0.327,9.5,,,,,,,,,,,,,,,
0.545,9.52,,,,,,,,,,,,,,,
0.654,9.54,,,,,,,,,,,,,,,
0.545,9.56,,,,,,,,,,,,,,,
0.327,9.58,,,,,,,,,,,,,,,
0.109,9.6,,,,,,,,,,,,,,,
0.109,9.62,,,,,,,,,,,,,,,
0.327,9.64,,,,,,,,,,,,,,,
0.545,9.66,,,,,,,,,,,,,,,
0.654,9.68,,,,,,,,,,,,,,,
0.545,9.7,,,,,,,,,,,,,,,
0.327,9.72,,,,,,,,,,,,,,,
0.109,9.74,,,,,,,,,,,,,,,
0.109,9.76,,,,,,,,,,,,,,,
0.327,9.78,,,,,,,,,,,,,,,
0.545,9.8,,,,,,,,,,,,,,,
0.545,9.82,,,,,,,,,,,,,,,
0.327,9.84,,,,,,,,,,,,,,,
0.218,9.86,,,,,,,,,,,,,,,
0.327,9.88,,,,,,,,,,,,,,,
0.545,9.9,,,,,,,,,,,,,,,
0.545,9.92,,,,,,,,,,,,,,,
0.327,9.94,,,,,,,,,,,,,,,
0.218,9.96,,,,,,,,,,,,,,,
0.327,9.98,,,,,,,,,,,,,,,
0.545,10,,,,,,,,,,,,,,,
0.654,10.02,,,,,,,,,,,,,,,
0.545,10.04,,,,,,,,,,,,,,,
0.327,10.06,,,,,,,,,,,,,,,
0.109,10.08,,,,,,,,,,,,,,,
0.109,10.1,,,,,,,,,,,,,,,
0.327,10.12,,,,,,,,,,,,,,,
0.436,10.14,,,,,,,,,,,,,,,
0.436,10.16,,,,,,,,,,,,,,,
0.436,10.18,,,,,,,,,,,,,,,
0.436,10.2,,,,,,,,,,,,,,,
0.327,10.22,,,,,,,,,,,,,,,
0.218,10.24,,,,,,,,,,,,,,,
0.327,10.26,,,,,,,,,,,,,,,
0.436,10.28,,,,,,,,,,,,,,,
0.327,10.3,,,,,,,,,,,,,,,
0.218,10.32,,,,,,,,,,,,,,,
0.327,10.34,,,,,,,,,,,,,,,
0.545,10.36,,,,,,,,,,,,,,,
0.654,10.38,,,,,,,,,,,,,,,
0.545,10.4,,,,,,,,,,,,,,,
0.327,10.42,,,,,,,,,,,,,,,
0.109,10.44,,,,,,,,,,,,,,,
0.109,10.46,,,,,,,,,,,,,,,
0.327,10.48,,,,,,,,,,,,,,,
0.545,10.5,,,,,,,,,,,,,,,
0.654,10.52,,,,,,,,,,,,,,,
0.545,10.54,,,,,,,,,,,,,,,
0.327,10.56,,,,,,,,,,,,,,,
0.109,10.58,,,,,,,,,,,,,,,
0.109,10.6,,,,,,,,,,,,,,,
0.327,10.62,,,,,,,,,,,,,,,
0.436,10.64,,,,,,,,,,,,,,,
0.327,10.66,,,,,,,,,,,,,,,
0.218,10.68,,,,,,,,,,,,,,,
0.436,10.7,,,,,,,,,,,,,,,
0.654,10.72,,,,,,,,,,,,,,,
0.436,10.74,,,,,,,,,,,,,,,
6.88E-13,10.76,,,,,,,,,,,,,,,
-0.109,10.78,,,,,,,,,,,,,,,
0.327,10.8,,,,,,,,,,,,,,,
0.764,10.82,,,,,,,,,,,,,,,
0.764,10.84,,,,,,,,,,,,,,,
0.436,10.86,,,,,,,,,,,,,,,
0.109,10.88,,,,,,,,,,,,,,,
0.109,10.9,,,,,,,,,,,,,,,
0.327,10.92,,,,,,,,,,,,,,,
0.545,10.94,,,,,,,,,,,,,,,
0.545,10.96,,,,,,,,,,,,,,,
0.218,10.98,,,,,,,,,,,,,,,
-0.109,11,,,,,,,,,,,,,,,
-0.109,11.02,,,,,,,,,,,,,,,
0.218,11.04,,,,,,,,,,,,,,,
0.436,11.06,,,,,,,,,,,,,,,
0.327,11.08,,,,,,,,,,,,,,,
0.109,11.1,,,,,,,,,,,,,,,
2.20E-12,11.12,,,,,,,,,,,,,,,
0.109,11.14,,,,,,,,,,,,,,,
0.327,11.16,,,,,,,,,,,,,,,
0.436,11.18,,,,,,,,,,,,,,,
0.327,11.2,,,,,,,,,,,,,,,
0.218,11.22,,,,,,,,,,,,,,,
0.327,11.24,,,,,,,,,,,,,,,
0.327,11.26,,,,,,,,,,,,,,,
-1.52E-12,11.28,,,,,,,,,,,,,,,
-0.327,11.3,,,,,,,,,,,,,,,
-0.218,11.32,,,,,,,,,,,,,,,
0.109,11.34,,,,,,,,,,,,,,,
0.218,11.36,,,,,,,,,,,,,,,
0.109,11.38,,,,,,,,,,,,,,,
2.15E-12,11.4,,,,,,,,,,,,,,,
1.42E-12,11.42,,,,,,,,,,,,,,,
-0.109,11.44,,,,,,,,,,,,,,,
-0.327,11.46,,,,,,,,,,,,,,,
-0.545,11.48,,,,,,,,,,,,,,,
-0.436,11.5,,,,,,,,,,,,,,,
-7.33E-13,11.52,,,,,,,,,,,,,,,
0.327,11.54,,,,,,,,,,,,,,,
0.218,11.56,,,,,,,,,,,,,,,
-0.327,11.58,,,,,,,,,,,,,,,
-0.764,11.6,,,,,,,,,,,,,,,
-0.764,11.62,,,,,,,,,,,,,,,
-0.327,11.64,,,,,,,,,,,,,,,
0.109,11.66,,,,,,,,,,,,,,,
0.109,11.68,,,,,,,,,,,,,,,
-0.109,11.7,,,,,,,,,,,,,,,
-0.109,11.72,,,,,,,,,,,,,,,
0.109,11.74,,,,,,,,,,,,,,,
0.109,11.76,,,,,,,,,,,,,,,
-0.218,11.78,,,,,,,,,,,,,,,