Angular Acceleration (rad/s²) Run #1,Time (s) Auto,,,Angular Acceleration (rad/s²) Run #2,Time (s) Auto,,,Angular Acceleration (rad/s²) Run #3,Time (s) Auto,,,Angular Acceleration (rad/s²) Run #4,Time (s) Auto,,,Angular Acceleration (rad/s²) Run #5,Time (s) Auto,,,Angular Acceleration (rad/s²) Run #6,Time (s) Auto,,Angular Acceleration (rad/s²) Run #7,Time (s) Auto
0,0.04,,,0.327,0.04,,,-0.654,0.04,,,5.236,0.04,,,-0.982,0.04,,,-0.327,0.04,,1.636,0.04
0,0.06,,,-0.327,0.06,,,-0.109,0.06,,,4.909,0.06,,,-0.436,0.06,,,-0.218,0.06,,0.545,0.06
0,0.08,,,-0.764,0.08,,,0.545,0.08,,,3.927,0.08,,,-0.109,0.08,,,0,0.08,,-0.436,0.08
0,0.1,,,-0.764,0.1,,,0.982,0.1,,,2.182,0.1,,,0,0.1,,,0.327,0.1,,-0.982,0.1
0,0.12,,,-0.545,0.12,,,0.873,0.12,,,0.218,0.12,,,0,0.12,,,0.436,0.12,,-0.764,0.12
0,0.14,,,-0.436,0.14,,,0.436,0.14,,,-0.982,0.14,,,0,0.14,,,0.436,0.14,,-0.109,0.14
0,0.16,,,-0.436,0.16,,,1.74E-16,0.16,,,-1.091,0.16,,,0,0.16,,,0.545,0.16,,0.327,0.16
0,0.18,,,-0.218,0.18,,,-0.436,0.18,,,-0.654,0.18,,,0.109,0.18,,,0.982,0.18,,0.109,0.18
0.109,0.2,,,0.109,0.2,,,-0.764,0.2,,,-0.545,0.2,,,0.327,0.2,,,1.309,0.2,,-0.545,0.2
0.327,0.22,,,0.218,0.22,,,-0.764,0.22,,,-0.873,0.22,,,0.436,0.22,,,0.654,0.22,,-0.982,0.22
0.327,0.24,,,0.218,0.24,,,-0.327,0.24,,,-1.2,0.24,,,0.218,0.24,,,-1.091,0.24,,-0.873,0.24
-0.109,0.26,,,0.436,0.26,,,4.77E-16,0.26,,,-1.309,0.26,,,-0.109,0.26,,,-3.382,0.26,,-0.436,0.26
-0.654,0.28,,,0.764,0.28,,,-0.109,0.28,,,-1.091,0.28,,,5.20E-16,0.28,,,-5.018,0.28,,-0.218,0.28
-0.654,0.3,,,0.873,0.3,,,-0.327,0.3,,,-0.436,0.3,,,0.654,0.3,,,-5.563,0.3,,-0.327,0.3
-0.109,0.32,,,0.764,0.32,,,-0.218,0.32,,,0.436,0.32,,,1.745,0.32,,,-6.327,0.32,,-0.545,0.32
0.327,0.34,,,0.545,0.34,,,0.218,0.34,,,1.091,0.34,,,3.272,0.34,,,-8.945,0.34,,-0.436,0.34
0.327,0.36,,,0.327,0.36,,,0.545,0.36,,,1.309,0.36,,,4.036,0.36,,,-12.981,0.36,,0.109,0.36
0.109,0.38,,,0.109,0.38,,,0.545,0.38,,,1.2,0.38,,,1.527,0.38,,,-14.726,0.38,,0.654,0.38
0,0.4,,,-2.60E-16,0.4,,,0.218,0.4,,,0.982,0.4,,,-4.145,0.4,,,-11.345,0.4,,0.764,0.4
0,0.42,,,-0.109,0.42,,,-0.218,0.42,,,0.545,0.42,,,-7.745,0.42,,,-4.145,0.42,,0.436,0.42
0,0.44,,,-0.218,0.44,,,-0.436,0.44,,,3.47E-16,0.44,,,-3.491,0.44,,,2.945,0.44,,0.109,0.44
0,0.46,,,-0.109,0.46,,,-0.218,0.46,,,-0.436,0.46,,,7.745,0.46,,,7.199,0.46,,-1.04E-15,0.46
0,0.48,,,0.218,0.48,,,0.109,0.48,,,-0.764,0.48,,,19.417,0.48,,,8.836,0.48,,-0.109,0.48
0,0.5,,,0.545,0.5,,,0.109,0.5,,,-0.873,0.5,,,26.616,0.5,,,9.272,0.5,,-0.218,0.5
0,0.52,,,0.764,0.52,,,-0.218,0.52,,,-0.873,0.52,,,29.234,0.52,,,9.49,0.52,,-0.109,0.52
0,0.54,,,1.091,0.54,,,-0.327,0.54,,,-0.654,0.54,,,29.562,0.54,,,9.599,0.54,,0.218,0.54
0,0.56,,,1.527,0.56,,,0.109,0.56,,,-0.327,0.56,,,29.234,0.56,,,9.381,0.56,,0.545,0.56
0,0.58,,,1.963,0.58,,,0.654,0.58,,,-0.109,0.58,,,28.798,0.58,,,9.054,0.58,,0.545,0.58
-0.109,0.6,,,2.182,0.6,,,0.654,0.6,,,0.109,0.6,,,28.471,0.6,,,8.945,0.6,,0.218,0.6
-0.327,0.62,,,1.963,0.62,,,0.218,0.62,,,0.436,0.62,,,28.362,0.62,,,8.945,0.62,,-0.218,0.62
-0.436,0.64,,,1.091,0.64,,,0.109,0.64,,,0.873,0.64,,,28.471,0.64,,,8.727,0.64,,-0.545,0.64
-0.218,0.66,,,-0.436,0.66,,,0.436,0.66,,,1.418,0.66,,,28.58,0.66,,,8.29,0.66,,-0.545,0.66
0.218,0.68,,,-2.291,0.68,,,0.654,0.68,,,1.963,0.68,,,28.362,0.68,,,7.963,0.68,,-0.109,0.68
0.436,0.7,,,-3.927,0.7,,,0.436,0.7,,,2.182,0.7,,,28.034,0.7,,,7.745,0.7,,0.545,0.7
0.327,0.72,,,-4.472,0.72,,,0.109,0.72,,,1.963,0.72,,,28.034,0.72,,,7.636,0.72,,1.091,0.72
0.109,0.74,,,-3.382,0.74,,,-0.218,0.74,,,1.309,0.74,,,28.471,0.74,,,7.636,0.74,,1.309,0.74
0,0.76,,,-1.091,0.76,,,-0.982,0.76,,,0.545,0.76,,,28.907,0.76,,,7.745,0.76,,1.527,0.76
0,0.78,,,1.2,0.78,,,-2.4,0.78,,,0.218,0.78,,,28.907,0.78,,,7.745,0.78,,2.182,0.78
0,0.8,,,2.509,0.8,,,-4.036,0.8,,,1.636,0.8,,,28.58,0.8,,,7.527,0.8,,2.945,0.8
0,0.82,,,2.073,0.82,,,-4.581,0.82,,,6.109,0.82,,,28.362,0.82,,,7.418,0.82,,2.836,0.82
0,0.84,,,-0.873,0.84,,,-2.291,0.84,,,12.545,0.84,,,28.58,0.84,,,7.418,0.84,,0.982,0.84
0,0.86,,,-6.109,0.86,,,3.491,0.86,,,18.217,0.86,,,29.016,0.86,,,7.418,0.86,,-1.854,0.86
0,0.88,,,-11.454,0.88,,,10.581,0.88,,,21.271,0.88,,,29.343,0.88,,,7.309,0.88,,-3.163,0.88
0,0.9,,,-14.29,0.9,,,14.508,0.9,,,22.144,0.9,,,29.343,0.9,,,7.199,0.9,,-0.764,0.9
0,0.92,,,-14.181,0.92,,,11.999,0.92,,,22.144,0.92,,,29.016,0.92,,,7.199,0.92,,5.018,0.92
0,0.94,,,-12.981,0.94,,,4.145,0.94,,,21.817,0.94,,,28.58,0.94,,,7.199,0.94,,11.454,0.94
0,0.96,,,-12.326,0.96,,,-4.472,0.96,,,21.38,0.96,,,28.362,0.96,,,7.309,0.96,,15.926,0.96
0,0.98,,,-12.326,0.98,,,-9.49,0.98,,,21.162,0.98,,,28.58,0.98,,,7.527,0.98,,17.89,0.98
0,1,,,-12.545,1,,,-10.145,1,,,21.162,1,,,28.907,1,,,7.636,1,,18.326,1
0,1.02,,,-12.763,1.02,,,-8.836,1.02,,,21.162,1.02,,,28.798,1.02,,,7.418,1.02,,18.326,1.02
0,1.04,,,-12.872,1.04,,,-8.29,1.04,,,21.162,1.04,,,28.143,1.04,,,6.981,1.04,,18.217,1.04
-0.109,1.06,,,-12.654,1.06,,,-9.163,1.06,,,21.271,1.06,,,27.489,1.06,,,6.763,1.06,,17.999,1.06
-0.327,1.08,,,-12.217,1.08,,,-9.817,1.08,,,21.489,1.08,,,27.489,1.08,,,6.981,1.08,,17.89,1.08
-0.436,1.1,,,-11.999,1.1,,,-8.836,1.1,,,21.489,1.1,,,27.925,1.1,,,7.309,1.1,,17.999,1.1
-0.218,1.12,,,-12.108,1.12,,,-6.545,1.12,,,21.271,1.12,,,28.034,1.12,,,7.418,1.12,,18.108,1.12
0.218,1.14,,,-12.326,1.14,,,-5.018,1.14,,,20.944,1.14,,,27.489,1.14,,,7.309,1.14,,17.999,1.14
0.436,1.16,,,-12.326,1.16,,,-5.89,1.16,,,20.617,1.16,,,26.725,1.16,,,7.199,1.16,,17.781,1.16
0.327,1.18,,,-12.108,1.18,,,-9.054,1.18,,,20.508,1.18,,,26.289,1.18,,,7.199,1.18,,17.562,1.18
0.109,1.2,,,-11.89,1.2,,,-12.981,1.2,,,20.726,1.2,,,26.071,1.2,,,7.199,1.2,,17.344,1.2
0,1.22,,,-11.672,1.22,,,-15.926,1.22,,,21.162,1.22,,,25.962,1.22,,,7.309,1.22,,17.235,1.22
0.109,1.24,,,-11.454,1.24,,,-17.453,1.24,,,21.38,1.24,,,26.071,1.24,,,7.418,1.24,,17.453,1.24
0.327,1.26,,,-11.236,1.26,,,-18.108,1.26,,,21.271,1.26,,,26.507,1.26,,,7.418,1.26,,17.89,1.26
0.436,1.28,,,-11.236,1.28,,,-18.435,1.28,,,21.162,1.28,,,27.053,1.28,,,7.309,1.28,,18.217,1.28
0.327,1.3,,,-11.454,1.3,,,-18.435,1.3,,,21.598,1.3,,,27.271,1.3,,,7.309,1.3,,18.326,1.3
0.218,1.32,,,-11.672,1.32,,,-18.108,1.32,,,22.58,1.32,,,27.162,1.32,,,7.527,1.32,,18.217,1.32
0.436,1.34,,,-11.781,1.34,,,-17.89,1.34,,,23.453,1.34,,,26.944,1.34,,,7.527,1.34,,17.89,1.34
0.764,1.36,,,-11.781,1.36,,,-17.999,1.36,,,23.78,1.36,,,26.834,1.36,,,7.199,1.36,,17.453,1.36
0.764,1.38,,,-11.781,1.38,,,-17.999,1.38,,,23.671,1.38,,,26.725,1.38,,,6.872,1.38,,17.235,1.38
0.545,1.4,,,-11.89,1.4,,,-17.671,1.4,,,23.562,1.4,,,26.725,1.4,,,7.09,1.4,,17.453,1.4
0.436,1.42,,,-12.108,1.42,,,-17.344,1.42,,,23.453,1.42,,,27.053,1.42,,,7.636,1.42,,17.89,1.42
0.436,1.44,,,-12.217,1.44,,,-17.562,1.44,,,23.126,1.44,,,27.598,1.44,,,7.745,1.44,,18.108,1.44
0.218,1.46,,,-12.108,1.46,,,-18.108,1.46,,,22.689,1.46,,,28.034,1.46,,,7.309,1.46,,17.89,1.46
-0.218,1.48,,,-11.89,1.48,,,-18.217,1.48,,,22.362,1.48,,,28.034,1.48,,,6.872,1.48,,17.453,1.48
-0.436,1.5,,,-11.89,1.5,,,-17.781,1.5,,,22.253,1.5,,,27.707,1.5,,,6.981,1.5,,17.235,1.5
-0.327,1.52,,,-12.108,1.52,,,-17.344,1.52,,,22.471,1.52,,,27.053,1.52,,,7.309,1.52,,17.453,1.52
-0.218,1.54,,,-12.217,1.54,,,-17.453,1.54,,,23.017,1.54,,,26.289,1.54,,,7.309,1.54,,17.89,1.54
-0.545,1.56,,,-12.108,1.56,,,-17.781,1.56,,,23.889,1.56,,,25.853,1.56,,,6.981,1.56,,18.217,1.56
-1.418,1.58,,,-11.89,1.58,,,-17.999,1.58,,,24.762,1.58,,,25.744,1.58,,,6.654,1.58,,18.326,1.58
-2.509,1.6,,,-11.89,1.6,,,-18.217,1.6,,,25.198,1.6,,,25.744,1.6,,,6.654,1.6,,18.326,1.6
-3.491,1.62,,,-12.108,1.62,,,-18.435,1.62,,,25.089,1.62,,,25.744,1.62,,,6.872,1.62,,18.326,1.62
-4.145,1.64,,,-12.326,1.64,,,-18.435,1.64,,,24.544,1.64,,,25.962,1.64,,,7.09,1.64,,18.217,1.64
-4.254,1.66,,,-12.545,1.66,,,-18.108,1.66,,,24.107,1.66,,,26.507,1.66,,,7.09,1.66,,17.999,1.66
-3.491,1.68,,,-12.763,1.68,,,-17.89,1.68,,,23.889,1.68,,,26.944,1.68,,,6.872,1.68,,17.89,1.68
-1.636,1.7,,,-12.872,1.7,,,-18.108,1.7,,,23.671,1.7,,,26.725,1.7,,,6.763,1.7,,17.999,1.7
0.764,1.72,,,-12.763,1.72,,,-18.653,1.72,,,23.235,1.72,,,25.744,1.72,,,6.872,1.72,,18.108,1.72
2.618,1.74,,,-12.545,1.74,,,-19.199,1.74,,,22.58,1.74,,,24.653,1.74,,,7.09,1.74,,17.999,1.74
3.163,1.76,,,-12.326,1.76,,,-19.526,1.76,,,22.035,1.76,,,24.326,1.76,,,7.09,1.76,,17.89,1.76
2.509,1.78,,,-11.999,1.78,,,-19.526,1.78,,,21.598,1.78,,,24.762,1.78,,,6.981,1.78,,18.108,1.78
1.527,1.8,,,-11.563,1.8,,,-19.308,1.8,,,21.162,1.8,,,25.198,1.8,,,6.872,1.8,,18.544,1.8
0.764,1.82,,,-11.345,1.82,,,-19.09,1.82,,,20.835,1.82,,,24.762,1.82,,,6.763,1.82,,18.762,1.82
0.327,1.84,,,-11.454,1.84,,,-18.98,1.84,,,20.726,1.84,,,23.453,1.84,,,6.763,1.84,,18.653,1.84
0.545,1.86,,,-11.672,1.86,,,-18.871,1.86,,,21.053,1.86,,,22.253,1.86,,,6.872,1.86,,18.326,1.86
1.745,1.88,,,-11.672,1.88,,,-18.544,1.88,,,21.598,1.88,,,22.035,1.88,,,7.09,1.88,,17.89,1.88
3.491,1.9,,,-11.236,1.9,,,-18.108,1.9,,,22.035,1.9,,,22.798,1.9,,,7.09,1.9,,17.453,1.9
3.927,1.92,,,-10.363,1.92,,,-17.671,1.92,,,22.362,1.92,,,23.562,1.92,,,6.981,1.92,,17.126,1.92
1.854,1.94,,,-9.381,1.94,,,-17.235,1.94,,,22.689,1.94,,,23.889,1.94,,,6.981,1.94,,17.126,1.94
-1.854,1.96,,,-8.836,1.96,,,-16.69,1.96,,,23.235,1.96,,,24.107,1.96,,,7.09,1.96,,17.453,1.96
-5.454,1.98,,,-8.836,1.98,,,-16.253,1.98,,,23.562,1.98,,,24.544,1.98,,,7.199,1.98,,17.781,1.98
-7.527,2,,,-9.163,2,,,-16.144,2,,,23.235,2,,,25.198,2,,,7.199,2,,17.89,2
-7.418,2.02,,,-9.599,2.02,,,-16.253,2.02,,,22.253,2.02,,,25.525,2.02,,,7.199,2.02,,17.781,2.02
-4.472,2.04,,,-10.145,2.04,,,-16.472,2.04,,,21.162,2.04,,,24.762,2.04,,,7.199,2.04,,17.671,2.04
0.654,2.06,,,-10.799,2.06,,,-16.799,2.06,,,20.399,2.06,,,23.017,2.06,,,7.199,2.06,,17.671,2.06
5.672,2.08,,,-11.345,2.08,,,-17.126,2.08,,,19.853,2.08,,,21.926,2.08,,,6.981,2.08,,17.562,2.08
8.727,2.1,,,-11.781,2.1,,,-17.235,2.1,,,19.635,2.1,,,22.907,2.1,,,6.436,2.1,,17.453,2.1
9.708,2.12,,,-12.108,2.12,,,-17.126,2.12,,,19.853,2.12,,,25.198,2.12,,,5.89,2.12,,17.562,2.12
9.927,2.14,,,-12.326,2.14,,,-17.017,2.14,,,20.508,2.14,,,26.507,2.14,,,5.672,2.14,,17.89,2.14
10.145,2.16,,,-12.435,2.16,,,-17.017,2.16,,,21.271,2.16,,,25.635,2.16,,,5.672,2.16,,17.89,2.16
10.145,2.18,,,-12.435,2.18,,,-17.017,2.18,,,21.817,2.18,,,23.344,2.18,,,5.563,2.18,,16.908,2.18
9.708,2.2,,,-12.326,2.2,,,-17.017,2.2,,,22.144,2.2,,,21.053,2.2,,,5.345,2.2,,15.163,2.2
9.054,2.22,,,-11.999,2.22,,,-17.017,2.22,,,22.144,2.22,,,19.417,2.22,,,5.345,2.22,,13.417,2.22
8.727,2.24,,,-11.345,2.24,,,-16.908,2.24,,,21.817,2.24,,,17.89,2.24,,,5.563,2.24,,11.89,2.24
8.836,2.26,,,-10.472,2.26,,,-16.472,2.26,,,21.271,2.26,,,15.599,2.26,,,5.781,2.26,,10.254,2.26
8.945,2.28,,,-9.817,2.28,,,-15.599,2.28,,,20.726,2.28,,,12.872,2.28,,,5.89,2.28,,9.272,2.28
8.836,2.3,,,-9.708,2.3,,,-14.508,2.3,,,20.726,2.3,,,11.126,2.3,,,5.781,2.3,,10.363,2.3
8.618,2.32,,,-10.254,2.32,,,-13.963,2.32,,,21.489,2.32,,,10.581,2.32,,,5.781,2.32,,13.09,2.32
8.618,2.34,,,-10.908,2.34,,,-14.399,2.34,,,22.471,2.34,,,9.272,2.34,,,6,2.34,,14.508,2.34
8.727,2.36,,,-11.017,2.36,,,-15.381,2.36,,,22.907,2.36,,,5.236,2.36,,,6.218,2.36,,12.435,2.36
8.727,2.38,,,-10.472,2.38,,,-15.926,2.38,,,22.689,2.38,,,-0.764,2.38,,,6.218,2.38,,8.072,2.38
8.399,2.4,,,-9.927,2.4,,,-15.708,2.4,,,22.253,2.4,,,-5.781,2.4,,,6,2.4,,4.036,2.4
6.654,2.42,,,-10.145,2.42,,,-15.381,2.42,,,21.708,2.42,,,-7.963,2.42,,,6,2.42,,1.636,2.42
1.636,2.44,,,-10.908,2.44,,,-15.381,2.44,,,20.944,2.44,,,-7.418,2.44,,,6.218,2.44,,0.436,2.44
-7.636,2.46,,,-11.454,2.46,,,-15.49,2.46,,,20.289,2.46,,,-4.691,2.46,,,6.545,2.46,,-0.327,2.46
-18.98,2.48,,,-11.454,2.48,,,-15.49,2.48,,,19.962,2.48,,,-0.218,2.48,,,6.872,2.48,,-0.764,2.48
-27.816,2.5,,,-11.454,2.5,,,-15.599,2.5,,,19.853,2.5,,,4.472,2.5,,,7.09,2.5,,-0.764,2.5
-30.325,2.52,,,-11.89,2.52,,,-15.926,2.52,,,19.853,2.52,,,6.545,2.52,,,7.199,2.52,,-0.545,2.52
-25.635,2.54,,,-12.545,2.54,,,-16.253,2.54,,,20.18,2.54,,,4.472,2.54,,,7.09,2.54,,-0.436,2.54
-15.926,2.56,,,-12.763,2.56,,,-16.362,2.56,,,20.944,2.56,,,-0.218,2.56,,,6.872,2.56,,-0.545,2.56
-5.127,2.58,,,-12.217,2.58,,,-16.362,2.58,,,21.38,2.58,,,-4.363,2.58,,,6.654,2.58,,-0.545,2.58
3.163,2.6,,,-11.454,2.6,,,-16.253,2.6,,,20.835,2.6,,,-5.781,2.6,,,6.654,2.6,,-0.218,2.6
7.527,2.62,,,-11.236,2.62,,,-16.035,2.62,,,19.635,2.62,,,-4.691,2.62,,,6.872,2.62,,0.218,2.62
8.836,2.64,,,-11.781,2.64,,,-15.708,2.64,,,18.762,2.64,,,-2.945,2.64,,,6.981,2.64,,0.654,2.64
8.836,2.66,,,-12.435,2.66,,,-15.272,2.66,,,18.544,2.66,,,-2.182,2.66,,,6.872,2.66,,0.764,2.66
8.618,2.68,,,-12.545,2.68,,,-14.944,2.68,,,18.653,2.68,,,-2.618,2.68,,,6.654,2.68,,0.436,2.68
8.508,2.7,,,-12.217,2.7,,,-14.835,2.7,,,18.98,2.7,,,-3.382,2.7,,,6.545,2.7,,-0.109,2.7
8.508,2.72,,,-11.89,2.72,,,-14.944,2.72,,,19.635,2.72,,,-3.709,2.72,,,6.436,2.72,,-0.545,2.72
8.399,2.74,,,-11.89,2.74,,,-15.053,2.74,,,19.962,2.74,,,-3.272,2.74,,,6.218,2.74,,-0.545,2.74
8.29,2.76,,,-11.999,2.76,,,-15.163,2.76,,,18.98,2.76,,,-2.182,2.76,,,6.109,2.76,,,
8.399,2.78,,,-11.89,2.78,,,-15.381,2.78,,,17.017,2.78,,,-0.764,2.78,,,6.327,2.78,,,
8.618,2.8,,,-11.672,2.8,,,-15.381,2.8,,,15.272,2.8,,,0.436,2.8,,,6.763,2.8,,,
8.618,2.82,,,-11.672,2.82,,,-14.835,2.82,,,14.508,2.82,,,0.982,2.82,,,6.981,2.82,,Angular Acceleration (rad/s²) Run #8,Time (s) Auto
8.29,2.84,,,-11.999,2.84,,,-13.854,2.84,,,14.072,2.84,,,0.654,2.84,,,6.981,2.84,,-2.618,0.04
8.072,2.86,,,-12.217,2.86,,,-13.199,2.86,,,12.763,2.86,,,-0.436,2.86,,,6.981,2.86,,-1.091,0.06
8.29,2.88,,,-12.108,2.88,,,-13.308,2.88,,,10.036,2.88,,,-1.309,2.88,,,7.09,2.88,,0,0.08
8.618,2.9,,,-11.89,2.9,,,-13.854,2.9,,,6.218,2.9,,,-1.2,2.9,,,7.199,2.9,,0.545,0.1
8.618,2.92,,,-11.672,2.92,,,-14.072,2.92,,,1.636,2.92,,,-0.218,2.92,,,7.09,2.92,,0.654,0.12
8.181,2.94,,,-11.454,2.94,,,-13.744,2.94,,,-3.709,2.94,,,0.654,2.94,,,6.763,2.94,,0.654,0.14
7.745,2.96,,,-11.236,2.96,,,-13.635,2.96,,,-8.618,2.96,,,0.654,2.96,,,6.327,2.96,,0.436,0.16
7.745,2.98,,,-11.017,2.98,,,-14.181,2.98,,,-10.69,2.98,,,-0.109,2.98,,,6,2.98,,2.60E-16,0.18
8.072,3,,,-10.799,3,,,-14.944,3,,,-8.508,3,,,-1.091,3,,,5.89,3,,-0.436,0.2
8.29,3.02,,,-10.69,3.02,,,-15.163,3.02,,,-4.145,3.02,,,-1.527,3.02,,,5.89,3.02,,-0.545,0.22
8.072,3.04,,,-10.799,3.04,,,-14.835,3.04,,,-1.091,3.04,,,-0.982,3.04,,,5.89,3.04,,-0.327,0.24
7.636,3.06,,,-10.908,3.06,,,-14.508,3.06,,,-0.545,3.06,,,0.218,3.06,,,6,3.06,,-0.109,0.26
7.309,3.08,,,-10.908,3.08,,,-14.181,3.08,,,-1.2,3.08,,,0.982,3.08,,,6.109,3.08,,6.94E-16,0.28
7.309,3.1,,,-11.126,3.1,,,-13.417,3.1,,,-1.309,3.1,,,0.545,3.1,,,6,3.1,,-0.218,0.3
7.527,3.12,,,-11.672,3.12,,,-12.326,3.12,,,-0.654,3.12,,,-0.654,3.12,,,5.781,3.12,,-0.654,0.32
7.745,3.14,,,-12.108,3.14,,,-11.89,3.14,,,0.218,3.14,,,-1.527,3.14,,,5.672,3.14,,-0.873,0.34
7.745,3.16,,,-11.999,3.16,,,-12.872,3.16,,,0.873,3.16,,,-1.418,3.16,,,5.89,3.16,,-0.327,0.36
7.418,3.18,,,-11.454,3.18,,,-14.835,3.18,,,0.873,3.18,,,-0.654,3.18,,,6.218,3.18,,0.764,0.38
6.981,3.2,,,-10.799,3.2,,,-16.362,3.2,,,0.109,3.2,,,0.109,3.2,,,6.436,3.2,,1.418,0.4
6.654,3.22,,,-10.145,3.22,,,-16.69,3.22,,,-0.982,3.22,,,0.545,3.22,,,6.545,3.22,,1.2,0.42
6.654,3.24,,,-9.708,3.24,,,-16.362,3.24,,,-1.527,3.24,,,0.218,3.24,,,6.545,3.24,,0.436,0.44
6.872,3.26,,,-9.817,3.26,,,-16.035,3.26,,,-1.091,3.26,,,-0.764,3.26,,,6.545,3.26,,-0.218,0.46
7.09,3.28,,,-10.581,3.28,,,-15.599,3.28,,,-0.218,3.28,,,-2.073,3.28,,,6.436,3.28,,-0.436,0.48
7.09,3.3,,,-11.563,3.3,,,-14.399,3.3,,,0.545,3.3,,,,,,,6.218,3.3,,-0.218,0.5
6.872,3.32,,,-12.217,3.32,,,-12.435,3.32,,,0.764,3.32,,,,,,,6,3.32,,0.218,0.52
6.763,3.34,,,-12.326,3.34,,,-10.472,3.34,,,0.327,3.34,,,,,,,6,3.34,,0.436,0.54
6.872,3.36,,,-11.999,3.36,,,-9.381,3.36,,,-0.436,3.36,,,,,,,6.109,3.36,,0.327,0.56
7.09,3.38,,,-11.454,3.38,,,-9.49,3.38,,,-1.091,3.38,,,,,,,6.109,3.38,,0.109,0.58
7.09,3.4,,,-10.799,3.4,,,-10.254,3.4,,,-1.091,3.4,,,,,,,6,3.4,,0,0.6
6.981,3.42,,,-10.363,3.42,,,-10.472,3.42,,,-0.436,3.42,,,,,,,6,3.42,,-0.109,0.62
6.981,3.44,,,-10.145,3.44,,,-9.49,3.44,,,0.327,3.44,,,,,,,6.327,3.44,,-0.327,0.64
7.09,3.46,,,-9.927,3.46,,,-8.399,3.46,,,0.654,3.46,,,,,,,6.872,3.46,,-0.436,0.66
7.199,3.48,,,-9.817,3.48,,,-8.836,3.48,,,0.218,3.48,,,,,,,7.309,3.48,,-0.218,0.68
7.199,3.5,,,-10.036,3.5,,,-10.145,3.5,,,-0.545,3.5,,,,,,,7.199,3.5,,0.109,0.7
7.199,3.52,,,-10.69,3.52,,,-9.381,3.52,,,-0.982,3.52,,,,,,,6.763,3.52,,4.34E-16,0.72
7.09,3.54,,,-11.345,3.54,,,-5.127,3.54,,,-0.982,3.54,,,,,,,6.436,3.54,,-0.436,0.74
6.872,3.56,,,-11.454,3.56,,,0.436,3.56,,,-0.545,3.56,,,,,,,6.545,3.56,,-0.654,0.76
6.654,3.58,,,-11.017,3.58,,,4.909,3.58,,,-2.84E-12,3.58,,,,,,,6.763,3.58,,-0.436,0.78
6.545,3.6,,,-10.254,3.6,,,11.345,3.6,,,0.436,3.6,,,,,,,6.654,3.6,,-0.218,0.8
6.545,3.62,,,-9.599,3.62,,,29.889,3.62,,,0.545,3.62,,,,,,,6.327,3.62,,-0.327,0.82
6.545,3.64,,,-9.272,3.64,,,71.449,3.64,,,0.109,3.64,,,,,,,5.89,3.64,,-0.327,0.84
6.654,3.66,,,-9.163,3.66,,,135.918,3.66,,,-0.545,3.66,,,,,,,5.454,3.66,,6.94E-16,0.86
6.872,3.68,,,-9.163,3.68,,,206.385,3.68,,,-1.091,3.68,,,,,,,4.8,3.68,,0.436,0.88
7.09,3.7,,,-9.272,3.7,,,260.6,3.7,,,-0.982,3.7,,,,,,,3.927,3.7,,0.436,0.9
7.09,3.72,,,-9.599,3.72,,,288.743,3.72,,,-0.218,3.72,,,,,,,3.163,3.72,,-0.109,0.92
6.872,3.74,,,-10.036,3.74,,,290.816,3.74,,,0.545,3.74,,,,,,,2.945,3.74,,-0.545,0.94
6.763,3.76,,,-10.254,3.76,,,262.127,3.76,,,0.654,3.76,,,,,,,3.6,3.76,,-0.327,0.96
6.763,3.78,,,-10.036,3.78,,,197.222,3.78,,,-0.109,3.78,,,,,,,4.909,3.78,,0.436,0.98
6.763,3.8,,,-9.49,3.8,,,111.374,3.8,,,-0.982,3.8,,,,,,,6.109,3.8,,0.764,1
6.654,3.82,,,-8.945,3.82,,,40.579,3.82,,,-1.309,3.82,,,,,,,6.545,3.82,,0.436,1.02
6.654,3.84,,,-8.836,3.84,,,8.181,3.84,,,-0.982,3.84,,,,,,,6.327,3.84,,0.327,1.04
6.872,3.86,,,-9.381,3.86,,,4.581,3.86,,,-0.327,3.86,,,,,,,6.109,3.86,,0.873,1.06
6.981,3.88,,,-10.254,3.88,,,5.563,3.88,,,0.327,3.88,,,,,,,6.109,3.88,,1.2,1.08
6.872,3.9,,,-10.581,3.9,,,-0.109,3.9,,,0.764,3.9,,,,,,,6,3.9,,0.436,1.1
6.654,3.92,,,-9.817,3.92,,,-7.199,3.92,,,0.545,3.92,,,,,,,5.672,3.92,,-0.654,1.12
6.545,3.94,,,-8.181,3.94,,,-8.727,3.94,,,-0.327,3.94,,,,,,,5.236,3.94,,-0.873,1.14
6.545,3.96,,,-5.672,3.96,,,-4.8,3.96,,,-1.2,3.96,,,,,,,5.018,3.96,,2.82E-16,1.16
6.436,3.98,,,-1.963,3.98,,,-1.47E-12,3.98,,,-1.309,3.98,,,,,,,4.909,3.98,,1.418,1.18
6.218,4,,,2.727,4,,,1.636,4,,,-0.654,4,,,,,,,4.691,4,,2.945,1.2
6,4.02,,,6.981,4.02,,,-0.109,4.02,,,0.218,4.02,,,,,,,4.145,4.02,,3.927,1.22
6,4.04,,,9.054,4.04,,,-2.4,4.04,,,0.764,4.04,,,,,,,3.272,4.04,,4.145,1.24
6.218,4.06,,,8.836,4.06,,,-2.836,4.06,,,0.654,4.06,,,,,,,2.509,4.06,,5.127,1.26
6.327,4.08,,,7.527,4.08,,,-1.418,4.08,,,-1.78E-11,4.08,,,,,,,2.073,4.08,,9.163,1.28
6.218,4.1,,,6.436,4.1,,,-2.96E-12,4.1,,,-0.764,4.1,,,,,,,2.182,4.1,,16.362,1.3
6,4.12,,,6.109,4.12,,,0.218,4.12,,,-1.091,4.12,,,,,,,3.272,4.12,,23.671,1.32
6.109,4.14,,,6.327,4.14,,,-0.327,4.14,,,-0.982,4.14,,,,,,,5.345,4.14,,28.253,1.34
6.545,4.16,,,6.872,4.16,,,-0.545,4.16,,,-0.436,4.16,,,,,,,6.981,4.16,,29.889,1.36
6.981,4.18,,,7.418,4.18,,,-1.21E-15,4.18,,,0.327,4.18,,,,,,,6.109,4.18,,29.998,1.38
7.199,4.2,,,7.745,4.2,,,0.545,4.2,,,0.764,4.2,,,,,,,2.4,4.2,,29.671,1.4
7.09,4.22,,,7.527,4.22,,,0.327,4.22,,,0.436,4.22,,,,,,,-1.963,4.22,,29.125,1.42
6.872,4.24,,,6.545,4.24,,,-0.436,4.24,,,-0.545,4.24,,,,,,,-4.8,4.24,,28.689,1.44
6.545,4.26,,,4.909,4.26,,,-0.873,4.26,,,-1.2,4.26,,,,,,,-5.781,4.26,,28.58,1.46
6.327,4.28,,,2.945,4.28,,,-0.327,4.28,,,-1.091,4.28,,,,,,,-5.89,4.28,,28.58,1.48
6.327,4.3,,,1.2,4.3,,,0.873,4.3,,,-0.436,4.3,,,,,,,-5.89,4.3,,28.362,1.5
6.436,4.32,,,-3.20E-12,4.32,,,1.745,4.32,,,0.218,4.32,,,,,,,-5.89,4.32,,27.925,1.52
6.436,4.34,,,-0.327,4.34,,,1.527,4.34,,,0.436,4.34,,,,,,,-5.781,4.34,,27.707,1.54
6.109,4.36,,,0.109,4.36,,,0.327,4.36,,,0.218,4.36,,,,,,,-5.563,4.36,,27.816,1.56
5.781,4.38,,,0.764,4.38,,,-0.873,4.38,,,-0.327,4.38,,,,,,,-5.236,4.38,,28.034,1.58
5.672,4.4,,,1.091,4.4,,,-1.2,4.4,,,-0.873,4.4,,,,,,,-5.018,4.4,,28.143,1.6
5.781,4.42,,,0.982,4.42,,,-0.654,4.42,,,-1.091,4.42,,,,,,,-5.018,4.42,,28.253,1.62
5.89,4.44,,,0.654,4.44,,,0.109,4.44,,,-0.764,4.44,,,,,,,-5.127,4.44,,28.471,1.64
6,4.46,,,0.218,4.46,,,0.327,4.46,,,4.97E-12,4.46,,,,,,,-5.236,4.46,,28.58,1.66
6.327,4.48,,,-0.327,4.48,,,-0.109,4.48,,,0.654,4.48,,,,,,,-5.236,4.48,,28.471,1.68
6.763,4.5,,,-0.764,4.5,,,-0.654,4.5,,,0.654,4.5,,,,,,,-5.454,4.5,,28.362,1.7
7.09,4.52,,,-0.654,4.52,,,-0.654,4.52,,,1.08E-11,4.52,,,,,,,-5.89,4.52,,28.471,1.72
7.309,4.54,,,-0.109,4.54,,,1.48E-12,4.54,,,-0.764,4.54,,,,,,,-6.218,4.54,,28.58,1.74
7.418,4.56,,,0.545,4.56,,,0.654,4.56,,,-1.091,4.56,,,,,,,-6.109,4.56,,28.471,1.76
7.418,4.58,,,0.982,4.58,,,0.764,4.58,,,-0.873,4.58,,,,,,,-5.672,4.58,,28.253,1.78
7.309,4.6,,,1.091,4.6,,,0.436,4.6,,,-0.327,4.6,,,,,,,-5.454,4.6,,27.816,1.8
7.309,4.62,,,0.764,4.62,,,0.109,4.62,,,0.218,4.62,,,,,,,-5.454,4.62,,26.398,1.82
7.527,4.64,,,0.109,4.64,,,0,4.64,,,0.327,4.64,,,,,,,-5.345,4.64,,23.344,1.84
7.636,4.66,,,-0.327,4.66,,,0,4.66,,,-0.109,4.66,,,,,,,-5.018,4.66,,19.199,1.86
7.636,4.68,,,-0.436,4.68,,,0,4.68,,,-0.654,4.68,,,,,,,-4.8,4.68,,15.817,1.88
7.636,4.7,,,-0.436,4.7,,,0,4.7,,,-0.764,4.7,,,,,,,-5.018,4.7,,15.053,1.9
7.745,4.72,,,-0.327,4.72,,,0,4.72,,,-0.436,4.72,,,,,,,-5.345,4.72,,16.799,1.92
7.636,4.74,,,0.109,4.74,,,0,4.74,,,-0.109,4.74,,,,,,,-5.345,4.74,,18.762,1.94
7.199,4.76,,,0.764,4.76,,,0,4.76,,,0.109,4.76,,,,,,,-5.127,4.76,,18.435,1.96
6.872,4.78,,,1.091,4.78,,,-0.109,4.78,,,0.327,4.78,,,,,,,-5.127,4.78,,15.817,1.98
6.872,4.8,,,0.982,4.8,,,-0.545,4.8,,,0.327,4.8,,,,,,,-5.454,4.8,,13.09,2
6.981,4.82,,,0.654,4.82,,,-1.418,4.82,,,-0.218,4.82,,,,,,,-5.781,4.82,,11.454,2.02
6.763,4.84,,,0.218,4.84,,,-2.291,4.84,,,-1.091,4.84,,,,,,,-5.89,4.84,,10.036,2.04
6.436,4.86,,,-0.327,4.86,,,-2.182,4.86,,,-1.418,4.86,,,,,,,-5.89,4.86,,7.636,2.06
6.327,4.88,,,-0.764,4.88,,,-0.545,4.88,,,-0.764,4.88,,,,,,,-5.781,4.88,,4.691,2.08
6.545,4.9,,,-0.654,4.9,,,1.745,4.9,,,0.327,4.9,,,,,,,-5.563,4.9,,2.4,2.1
6.763,4.92,,,-3.55E-13,4.92,,,3.054,4.92,,,0.873,4.92,,,,,,,-5.454,4.92,,0.982,2.12
6.763,4.94,,,0.873,4.94,,,2.4,4.94,,,0.436,4.94,,,,,,,-5.563,4.94,,0.109,2.14
6.654,4.96,,,1.309,4.96,,,0.545,4.96,,,-0.436,4.96,,,,,,,-5.672,4.96,,-0.327,2.16
6.545,4.98,,,1.091,4.98,,,-0.654,4.98,,,-1.091,4.98,,,,,,,-5.454,4.98,,-0.327,2.18
6.654,5,,,0.545,5,,,-0.327,5,,,-1.2,5,,,,,,,-5.018,5,,-0.218,2.2
6.872,5.02,,,2.72E-11,5.02,,,0.764,5.02,,,-0.764,5.02,,,,,,,-4.8,5.02,,-0.327,2.22
7.199,5.04,,,-0.327,5.04,,,0.982,5.04,,,-0.109,5.04,,,,,,,-4.909,5.04,,-0.545,2.24
7.418,5.06,,,-0.545,5.06,,,0.109,5.06,,,0.436,5.06,,,,,,,-5.127,5.06,,-0.654,2.26
7.309,5.08,,,-0.545,5.08,,,-0.654,5.08,,,0.545,5.08,,,,,,,-5.236,5.08,,-0.654,2.28
6.981,5.1,,,-0.109,5.1,,,,,,,0.109,5.1,,,,,,,-5.345,5.1,,-0.545,2.3
6.654,5.12,,,0.545,5.12,,,,,,,-0.764,5.12,,,,,,,-5.563,5.12,,-0.218,2.32
6.545,5.14,,,1.091,5.14,,,,,,,-1.636,5.14,,,,,,,-5.672,5.14,,0.109,2.34
6.327,5.16,,,1.2,5.16,,,,,,,-1.745,5.16,,,,,,,-5.563,5.16,,0.218,2.36
6,5.18,,,0.873,5.18,,,,,,,-0.982,5.18,,,,,,,-5.345,5.18,,0.109,2.38
5.89,5.2,,,0.327,5.2,,,,,,,-9.95E-12,5.2,,,,,,,-5.236,5.2,,0.109,2.4
6.109,5.22,,,-0.218,5.22,,,,,,,0.436,5.22,,,,,,,-5.127,5.22,,0.218,2.42
6.436,5.24,,,-0.545,5.24,,,,,,,0.218,5.24,,,,,,,-4.691,5.24,,0.218,2.44
6.545,5.26,,,-0.654,5.26,,,,,,,-0.327,5.26,,,,,,,-3.818,5.26,,0.218,2.46
6.654,5.28,,,-0.545,5.28,,,,,,,-0.873,5.28,,,,,,,-2.509,5.28,,0.218,2.48
6.872,5.3,,,-0.109,5.3,,,,,,,-1.091,5.3,,,,,,,-0.982,5.3,,0.109,2.5
7.09,5.32,,,0.654,5.32,,,,,,,-0.764,5.32,,,,,,,0.218,5.32,,-0.327,2.52
7.199,5.34,,,1.2,5.34,,,,,,,-3.91E-12,5.34,,,,,,,0.654,5.34,,-0.764,2.54
7.199,5.36,,,1.091,5.36,,,,,,,0.764,5.36,,,,,,,0.545,5.36,,-0.764,2.56
7.09,5.38,,,0.545,5.38,,,,,,,0.873,5.38,,,,,,,0.654,5.38,,-0.545,2.58
6.872,5.4,,,0.109,5.4,,,,,,,0.109,5.4,,,,,,,1.2,5.4,,-0.436,2.6
6.545,5.42,,,-0.218,5.42,,,,,,,-0.873,5.42,,,,,,,1.527,5.42,,-0.545,2.62
6.218,5.44,,,-0.654,5.44,,,,,,,-1.309,5.44,,,,,,,1.2,5.44,,-0.545,2.64
6,5.46,,,-0.873,5.46,,,,,,,-0.982,5.46,,,,,,,0.654,5.46,,-0.218,2.66
6,5.48,,,-0.436,5.48,,,,,,,-0.218,5.48,,,,,,,0.327,5.48,,0.218,2.68
6.218,5.5,,,0.545,5.5,,,,,,,0.545,5.5,,,,,,,-0.109,5.5,,0.436,2.7
6.327,5.52,,,1.309,5.52,,,,,,,0.873,5.52,,,,,,,-1.309,5.52,,0.218,2.72
6.327,5.54,,,1.418,5.54,,,,,,,0.436,5.54,,,,,,,-3.054,5.54,,2.40E-12,2.74
6.436,5.56,,,0.982,5.56,,,,,,,-0.545,5.56,,,,,,,-4.254,5.56,,,
6.872,5.58,,,0.436,5.58,,,,,,,-1.309,5.58,,,,,,,-4.254,5.58,,,
7.199,5.6,,,-3.02E-12,5.6,,,,,,,-1.309,5.6,,,,,,,-3.382,5.6,,,
6.981,5.62,,,-0.327,5.62,,,,,,,-0.545,5.62,,,,,,,-2.509,5.62,,Angular Acceleration (rad/s²) Run #9,Time (s) Auto
6.545,5.64,,,-0.436,5.64,,,,,,,0.436,5.64,,,,,,,-1.963,5.64,,0,0.04
6.436,5.66,,,-0.327,5.66,,,,,,,0.873,5.66,,,,,,,-1.636,5.66,,0.545,0.06
6.763,5.68,,,-3.02E-12,5.68,,,,,,,0.436,5.68,,,,,,,-1.636,5.68,,0.436,0.08
7.09,5.7,,,0.436,5.7,,,,,,,-0.436,5.7,,,,,,,-2.073,5.7,,-8.67E-17,0.1
7.09,5.72,,,0.873,5.72,,,,,,,-1.091,5.72,,,,,,,-2.618,5.72,,-0.109,0.12
6.763,5.74,,,1.2,5.74,,,,,,,-1.2,5.74,,,,,,,-2.727,5.74,,0.218,0.14
6.218,5.76,,,1.2,5.76,,,,,,,,,,,,,,,-2.4,5.76,,0.545,0.16
5.672,5.78,,,0.873,5.78,,,,,,,,,,,,,,,-1.963,5.78,,0.654,0.18
5.454,5.8,,,0.109,5.8,,,,,,,,,,,,,,,-1.309,5.8,,0.436,0.2
5.563,5.82,,,,,,,,,,,,,,,,,,,-0.327,5.82,,-0.109,0.22
5.89,5.84,,,,,,,,,,,,,,,,,,,0.545,5.84,,-0.545,0.24
6.218,5.86,,,,,,,,,,,,,,,,,,,0.654,5.86,,-0.327,0.26
6.436,5.88,,,,,,,,,,,,,,,,,,,-1.51E-12,5.88,,0.218,0.28
6.545,5.9,,,,,,,,,,,,,,,,,,,-0.764,5.9,,0.218,0.3
6.545,5.92,,,,,,,,,,,,,,,,,,,-1.091,5.92,,-0.327,0.32
6.654,5.94,,,,,,,,,,,,,,,,,,,-0.873,5.94,,-0.545,0.34
6.872,5.96,,,,,,,,,,,,,,,,,,,-0.436,5.96,,-0.109,0.36
6.981,5.98,,,,,,,,,,,,,,,,,,,-0.218,5.98,,0.327,0.38
6.763,6,,,,,,,,,,,,,,,,,,,-0.327,6,,0.327,0.4
6.218,6.02,,,,,,,,,,,,,,,,,,,-0.545,6.02,,0.109,0.42
5.672,6.04,,,,,,,,,,,,,,,,,,,-0.545,6.04,,0,0.44
5.345,6.06,,,,,,,,,,,,,,,,,,,-0.218,6.06,,-0.109,0.46
5.345,6.08,,,,,,,,,,,,,,,,,,,0.218,6.08,,-0.327,0.48
5.672,6.1,,,,,,,,,,,,,,,,,,,0.545,6.1,,-0.436,0.5
6,6.12,,,,,,,,,,,,,,,,,,,0.654,6.12,,-0.218,0.52
6.109,6.14,,,,,,,,,,,,,,,,,,,0.545,6.14,,0.218,0.54
6.109,6.16,,,,,,,,,,,,,,,,,,,0.327,6.16,,0.327,0.56
6.327,6.18,,,,,,,,,,,,,,,,,,,2.75E-12,6.18,,0.109,0.58
6.654,6.2,,,,,,,,,,,,,,,,,,,-0.327,6.2,,0.109,0.6
6.763,6.22,,,,,,,,,,,,,,,,,,,-0.436,6.22,,0.873,0.62
6.654,6.24,,,,,,,,,,,,,,,,,,,-0.436,6.24,,2.182,0.64
6.436,6.26,,,,,,,,,,,,,,,,,,,-0.327,6.26,,3.163,0.66
6.109,6.28,,,,,,,,,,,,,,,,,,,-0.327,6.28,,2.945,0.68
5.672,6.3,,,,,,,,,,,,,,,,,,,-0.436,6.3,,1.091,0.7
5.454,6.32,,,,,,,,,,,,,,,,,,,-0.436,6.32,,-1.745,0.72
5.563,6.34,,,,,,,,,,,,,,,,,,,-0.327,6.34,,-4.254,0.74
5.781,6.36,,,,,,,,,,,,,,,,,,,-0.109,6.36,,-5.018,0.76
5.89,6.38,,,,,,,,,,,,,,,,,,,-0.109,6.38,,-3.927,0.78
6,6.4,,,,,,,,,,,,,,,,,,,-0.327,6.4,,-1.963,0.8
6.218,6.42,,,,,,,,,,,,,,,,,,,-0.436,6.42,,-0.545,0.82
6.545,6.44,,,,,,,,,,,,,,,,,,,-0.327,6.44,,-0.218,0.84
6.763,6.46,,,,,,,,,,,,,,,,,,,-0.109,6.46,,0.109,0.86
6.545,6.48,,,,,,,,,,,,,,,,,,,-1.42E-12,6.48,,1.2,0.88
6,6.5,,,,,,,,,,,,,,,,,,,6.04E-12,6.5,,2.727,0.9
5.454,6.52,,,,,,,,,,,,,,,,,,,6.31E-12,6.52,,3.709,0.92
5.236,6.54,,,,,,,,,,,,,,,,,,,,,,4.145,0.94
5.127,6.56,,,,,,,,,,,,,,,,,,,,,,4.581,0.96
4.909,6.58,,,,,,,,,,,,,,,,,,,,,,4.472,0.98
4.909,6.6,,,,,,,,,,,,,,,,,,,,,,2.945,1
5.236,6.62,,,,,,,,,,,,,,,,,,,,,,0.218,1.02
5.672,6.64,,,,,,,,,,,,,,,,,,,,,,-2.291,1.04
6,6.66,,,,,,,,,,,,,,,,,,,,,,-3.6,1.06
6.109,6.68,,,,,,,,,,,,,,,,,,,,,,-4.036,1.08
5.672,6.7,,,,,,,,,,,,,,,,,,,,,,-4.254,1.1
4.036,6.72,,,,,,,,,,,,,,,,,,,,,,-3.927,1.12
1.2,6.74,,,,,,,,,,,,,,,,,,,,,,-2.4,1.14
-1.963,6.76,,,,,,,,,,,,,,,,,,,,,,-0.327,1.16
-4.472,6.78,,,,,,,,,,,,,,,,,,,,,,0.873,1.18
-5.89,6.8,,,,,,,,,,,,,,,,,,,,,,1.091,1.2
-6.436,6.82,,,,,,,,,,,,,,,,,,,,,,2.509,1.22
-6.436,6.84,,,,,,,,,,,,,,,,,,,,,,7.199,1.24
-6,6.86,,,,,,,,,,,,,,,,,,,,,,14.399,1.26
-5.236,6.88,,,,,,,,,,,,,,,,,,,,,,21.489,1.28
-4.472,6.9,,,,,,,,,,,,,,,,,,,,,,26.18,1.3
-4.036,6.92,,,,,,,,,,,,,,,,,,,,,,28.253,1.32
-3.927,6.94,,,,,,,,,,,,,,,,,,,,,,28.798,1.34
-4.036,6.96,,,,,,,,,,,,,,,,,,,,,,28.689,1.36
-4.363,6.98,,,,,,,,,,,,,,,,,,,,,,28.58,1.38
-4.8,7,,,,,,,,,,,,,,,,,,,,,,28.471,1.4
-5.018,7.02,,,,,,,,,,,,,,,,,,,,,,28.362,1.42
-4.909,7.04,,,,,,,,,,,,,,,,,,,,,,28.253,1.44
-4.581,7.06,,,,,,,,,,,,,,,,,,,,,,28.034,1.46
-4.145,7.08,,,,,,,,,,,,,,,,,,,,,,27.816,1.48
-3.818,7.1,,,,,,,,,,,,,,,,,,,,,,27.598,1.5
-3.709,7.12,,,,,,,,,,,,,,,,,,,,,,27.707,1.52
-3.818,7.14,,,,,,,,,,,,,,,,,,,,,,28.253,1.54
-3.709,7.16,,,,,,,,,,,,,,,,,,,,,,28.689,1.56
-3.272,7.18,,,,,,,,,,,,,,,,,,,,,,28.58,1.58
-3.163,7.2,,,,,,,,,,,,,,,,,,,,,,28.143,1.6
-3.709,7.22,,,,,,,,,,,,,,,,,,,,,,28.034,1.62
-4.472,7.24,,,,,,,,,,,,,,,,,,,,,,28.362,1.64
-4.691,7.26,,,,,,,,,,,,,,,,,,,,,,28.471,1.66
-4.363,7.28,,,,,,,,,,,,,,,,,,,,,,28.143,1.68
-4.036,7.3,,,,,,,,,,,,,,,,,,,,,,27.816,1.7
-3.927,7.32,,,,,,,,,,,,,,,,,,,,,,27.707,1.72
-3.927,7.34,,,,,,,,,,,,,,,,,,,,,,27.707,1.74
-3.927,7.36,,,,,,,,,,,,,,,,,,,,,,27.598,1.76
-3.709,7.38,,,,,,,,,,,,,,,,,,,,,,27.489,1.78
-3.272,7.4,,,,,,,,,,,,,,,,,,,,,,27.489,1.8
-3.054,7.42,,,,,,,,,,,,,,,,,,,,,,27.598,1.82
-3.491,7.44,,,,,,,,,,,,,,,,,,,,,,27.925,1.84
-4.472,7.46,,,,,,,,,,,,,,,,,,,,,,28.362,1.86
-5.345,7.48,,,,,,,,,,,,,,,,,,,,,,28.471,1.88
-5.781,7.5,,,,,,,,,,,,,,,,,,,,,,28.362,1.9
-5.781,7.52,,,,,,,,,,,,,,,,,,,,,,28.907,1.92
-5.345,7.54,,,,,,,,,,,,,,,,,,,,,,30.325,1.94
-4.363,7.56,,,,,,,,,,,,,,,,,,,,,,30.652,1.96
-2.836,7.58,,,,,,,,,,,,,,,,,,,,,,26.18,1.98
-1.2,7.6,,,,,,,,,,,,,,,,,,,,,,14.944,2
-7.11E-13,7.62,,,,,,,,,,,,,,,,,,,,,,-0.545,2.02
0.545,7.64,,,,,,,,,,,,,,,,,,,,,,-14.181,2.04
0.545,7.66,,,,,,,,,,,,,,,,,,,,,,-21.053,2.06
0.218,7.68,,,,,,,,,,,,,,,,,,,,,,-21.489,2.08
-0.218,7.7,,,,,,,,,,,,,,,,,,,,,,-20.289,2.1
-0.436,7.72,,,,,,,,,,,,,,,,,,,,,,-22.253,2.12
-0.436,7.74,,,,,,,,,,,,,,,,,,,,,,-29.234,2.14
-0.545,7.76,,,,,,,,,,,,,,,,,,,,,,-39.706,2.16
-0.764,7.78,,,,,,,,,,,,,,,,,,,,,,-49.306,2.18
-0.764,7.8,,,,,,,,,,,,,,,,,,,,,,-53.342,2.2
-0.436,7.82,,,,,,,,,,,,,,,,,,,,,,-49.851,2.22
-0.218,7.84,,,,,,,,,,,,,,,,,,,,,,-41.561,2.24
-0.218,7.86,,,,,,,,,,,,,,,,,,,,,,-32.834,2.26
-0.109,7.88,,,,,,,,,,,,,,,,,,,,,,-26.071,2.28
0.218,7.9,,,,,,,,,,,,,,,,,,,,,,-21.489,2.3
0.436,7.92,,,,,,,,,,,,,,,,,,,,,,-18.435,2.32
0.218,7.94,,,,,,,,,,,,,,,,,,,,,,-16.69,2.34
-0.109,7.96,,,,,,,,,,,,,,,,,,,,,,-16.035,2.36
-0.218,7.98,,,,,,,,,,,,,,,,,,,,,,-16.144,2.38
-0.218,8,,,,,,,,,,,,,,,,,,,,,,-16.581,2.4
-0.436,8.02,,,,,,,,,,,,,,,,,,,,,,-17.017,2.42
-0.764,8.04,,,,,,,,,,,,,,,,,,,,,,-17.453,2.44
-0.764,8.06,,,,,,,,,,,,,,,,,,,,,,-17.781,2.46
-0.436,8.08,,,,,,,,,,,,,,,,,,,,,,-17.017,2.48
-0.109,8.1,,,,,,,,,,,,,,,,,,,,,,-14.29,2.5
-8.97E-12,8.12,,,,,,,,,,,,,,,,,,,,,,-10.581,2.52
-8.97E-12,8.14,,,,,,,,,,,,,,,,,,,,,,-8.072,2.54
0.109,8.16,,,,,,,,,,,,,,,,,,,,,,-7.854,2.56
0.327,8.18,,,,,,,,,,,,,,,,,,,,,,-8.508,2.58
0.436,8.2,,,,,,,,,,,,,,,,,,,,,,-8.508,2.6
0.218,8.22,,,,,,,,,,,,,,,,,,,,,,-7.854,2.62
-0.218,8.24,,,,,,,,,,,,,,,,,,,,,,-7.309,2.64
-0.545,8.26,,,,,,,,,,,,,,,,,,,,,,-7.309,2.66
-0.654,8.28,,,,,,,,,,,,,,,,,,,,,,-7.527,2.68
-0.654,8.3,,,,,,,,,,,,,,,,,,,,,,-7.745,2.7
-0.654,8.32,,,,,,,,,,,,,,,,,,,,,,-7.854,2.72
-0.545,8.34,,,,,,,,,,,,,,,,,,,,,,-7.963,2.74
-0.327,8.36,,,,,,,,,,,,,,,,,,,,,,,
-2.84E-12,8.38,,,,,,,,,,,,,,,,,,,,,,,
0.327,8.4,,,,,,,,,,,,,,,,,,,,,,,
0.545,8.42,,,,,,,,,,,,,,,,,,,,,,Angular Acceleration (rad/s²) Run #10,Time (s) Auto
0.654,8.44,,,,,,,,,,,,,,,,,,,,,,0.654,0.04
0.436,8.46,,,,,,,,,,,,,,,,,,,,,,0.218,0.06
-0.109,8.48,,,,,,,,,,,,,,,,,,,,,,-0.109,0.08
-0.654,8.5,,,,,,,,,,,,,,,,,,,,,,-0.109,0.1
-0.764,8.52,,,,,,,,,,,,,,,,,,,,,,0.218,0.12
-0.545,8.54,,,,,,,,,,,,,,,,,,,,,,0.436,0.14
-0.436,8.56,,,,,,,,,,,,,,,,,,,,,,0.436,0.16
-0.545,8.58,,,,,,,,,,,,,,,,,,,,,,0.436,0.18
,,,,,,,,,,,,,,,,,,,,,,,0.545,0.2
,,,,,,,,,,,,,,,,,,,,,,,0.654,0.22
,,,,,,,,,,,,,,,,,,,,,,,0.545,0.24
,,,,,,,,,,,,,,,,,,,,,,,0.327,0.26
,,,,,,,,,,,,,,,,,,,,,,,3.47E-16,0.28
,,,,,,,,,,,,,,,,,,,,,,,-0.218,0.3
,,,,,,,,,,,,,,,,,,,,,,,-0.218,0.32
,,,,,,,,,,,,,,,,,,,,,,,-0.218,0.34
,,,,,,,,,,,,,,,,,,,,,,,-0.327,0.36
,,,,,,,,,,,,,,,,,,,,,,,-0.654,0.38
,,,,,,,,,,,,,,,,,,,,,,,-0.873,0.4
,,,,,,,,,,,,,,,,,,,,,,,-0.873,0.42
,,,,,,,,,,,,,,,,,,,,,,,-0.764,0.44
,,,,,,,,,,,,,,,,,,,,,,,-0.654,0.46
,,,,,,,,,,,,,,,,,,,,,,,-0.654,0.48
,,,,,,,,,,,,,,,,,,,,,,,-0.654,0.5
,,,,,,,,,,,,,,,,,,,,,,,-0.764,0.52
,,,,,,,,,,,,,,,,,,,,,,,-0.982,0.54
,,,,,,,,,,,,,,,,,,,,,,,-0.982,0.56
,,,,,,,,,,,,,,,,,,,,,,,-0.327,0.58
,,,,,,,,,,,,,,,,,,,,,,,0.873,0.6
,,,,,,,,,,,,,,,,,,,,,,,1.963,0.62
,,,,,,,,,,,,,,,,,,,,,,,2.4,0.64
,,,,,,,,,,,,,,,,,,,,,,,2.073,0.66
,,,,,,,,,,,,,,,,,,,,,,,1.309,0.68
,,,,,,,,,,,,,,,,,,,,,,,0.436,0.7
,,,,,,,,,,,,,,,,,,,,,,,-0.218,0.72
,,,,,,,,,,,,,,,,,,,,,,,-0.436,0.74
,,,,,,,,,,,,,,,,,,,,,,,-0.218,0.76
,,,,,,,,,,,,,,,,,,,,,,,0.218,0.78
,,,,,,,,,,,,,,,,,,,,,,,0.218,0.8
,,,,,,,,,,,,,,,,,,,,,,,-0.545,0.82
,,,,,,,,,,,,,,,,,,,,,,,-1.418,0.84
,,,,,,,,,,,,,,,,,,,,,,,-1.2,0.86
,,,,,,,,,,,,,,,,,,,,,,,0.545,0.88
,,,,,,,,,,,,,,,,,,,,,,,2.727,0.9
,,,,,,,,,,,,,,,,,,,,,,,3.272,0.92
,,,,,,,,,,,,,,,,,,,,,,,1.745,0.94
,,,,,,,,,,,,,,,,,,,,,,,0.873,0.96
,,,,,,,,,,,,,,,,,,,,,,,4.363,0.98
,,,,,,,,,,,,,,,,,,,,,,,12.763,1
,,,,,,,,,,,,,,,,,,,,,,,21.926,1.02
,,,,,,,,,,,,,,,,,,,,,,,27.707,1.04
,,,,,,,,,,,,,,,,,,,,,,,29.452,1.06
,,,,,,,,,,,,,,,,,,,,,,,29.343,1.08
,,,,,,,,,,,,,,,,,,,,,,,29.234,1.1
,,,,,,,,,,,,,,,,,,,,,,,29.234,1.12
,,,,,,,,,,,,,,,,,,,,,,,29.125,1.14
,,,,,,,,,,,,,,,,,,,,,,,28.907,1.16
,,,,,,,,,,,,,,,,,,,,,,,28.798,1.18
,,,,,,,,,,,,,,,,,,,,,,,28.689,1.2
,,,,,,,,,,,,,,,,,,,,,,,28.471,1.22
,,,,,,,,,,,,,,,,,,,,,,,28.362,1.24
,,,,,,,,,,,,,,,,,,,,,,,28.362,1.26
,,,,,,,,,,,,,,,,,,,,,,,28.253,1.28
,,,,,,,,,,,,,,,,,,,,,,,27.925,1.3
,,,,,,,,,,,,,,,,,,,,,,,27.707,1.32
,,,,,,,,,,,,,,,,,,,,,,,27.816,1.34
,,,,,,,,,,,,,,,,,,,,,,,27.925,1.36
,,,,,,,,,,,,,,,,,,,,,,,27.816,1.38
,,,,,,,,,,,,,,,,,,,,,,,27.707,1.4
,,,,,,,,,,,,,,,,,,,,,,,27.816,1.42
,,,,,,,,,,,,,,,,,,,,,,,27.925,1.44
,,,,,,,,,,,,,,,,,,,,,,,27.925,1.46
,,,,,,,,,,,,,,,,,,,,,,,28.034,1.48
,,,,,,,,,,,,,,,,,,,,,,,28.253,1.5
,,,,,,,,,,,,,,,,,,,,,,,28.253,1.52
,,,,,,,,,,,,,,,,,,,,,,,28.034,1.54
,,,,,,,,,,,,,,,,,,,,,,,28.143,1.56
,,,,,,,,,,,,,,,,,,,,,,,28.58,1.58
,,,,,,,,,,,,,,,,,,,,,,,28.798,1.6
,,,,,,,,,,,,,,,,,,,,,,,28.689,1.62
,,,,,,,,,,,,,,,,,,,,,,,28.689,1.64
,,,,,,,,,,,,,,,,,,,,,,,29.016,1.66
,,,,,,,,,,,,,,,,,,,,,,,29.125,1.68
,,,,,,,,,,,,,,,,,,,,,,,28.689,1.7
,,,,,,,,,,,,,,,,,,,,,,,27.816,1.72
,,,,,,,,,,,,,,,,,,,,,,,26.507,1.74
,,,,,,,,,,,,,,,,,,,,,,,24.544,1.76
,,,,,,,,,,,,,,,,,,,,,,,21.817,1.78
,,,,,,,,,,,,,,,,,,,,,,,18.762,1.8
,,,,,,,,,,,,,,,,,,,,,,,15.926,1.82
,,,,,,,,,,,,,,,,,,,,,,,13.308,1.84
,,,,,,,,,,,,,,,,,,,,,,,10.472,1.86
,,,,,,,,,,,,,,,,,,,,,,,7.309,1.88
,,,,,,,,,,,,,,,,,,,,,,,4.363,1.9
,,,,,,,,,,,,,,,,,,,,,,,2.4,1.92
,,,,,,,,,,,,,,,,,,,,,,,1.418,1.94
,,,,,,,,,,,,,,,,,,,,,,,0.764,1.96
,,,,,,,,,,,,,,,,,,,,,,,-8.88E-14,1.98
,,,,,,,,,,,,,,,,,,,,,,,-0.654,2
,,,,,,,,,,,,,,,,,,,,,,,-0.873,2.02
,,,,,,,,,,,,,,,,,,,,,,,-0.764,2.04
,,,,,,,,,,,,,,,,,,,,,,,-0.654,2.06
,,,,,,,,,,,,,,,,,,,,,,,-0.654,2.08
,,,,,,,,,,,,,,,,,,,,,,,-0.545,2.1
,,,,,,,,,,,,,,,,,,,,,,,-0.327,2.12
,,,,,,,,,,,,,,,,,,,,,,,-0.109,2.14
,,,,,,,,,,,,,,,,,,,,,,,0.109,2.16
,,,,,,,,,,,,,,,,,,,,,,,0.327,2.18
,,,,,,,,,,,,,,,,,,,,,,,0.545,2.2
,,,,,,,,,,,,,,,,,,,,,,,0.545,2.22
,,,,,,,,,,,,,,,,,,,,,,,0.218,2.24
,,,,,,,,,,,,,,,,,,,,,,,-0.218,2.26
,,,,,,,,,,,,,,,,,,,,,,,-0.654,2.28
,,,,,,,,,,,,,,,,,,,,,,,-0.982,2.3
,,,,,,,,,,,,,,,,,,,,,,,-1.091,2.32
,,,,,,,,,,,,,,,,,,,,,,,-0.764,2.34
,,,,,,,,,,,,,,,,,,,,,,,-0.109,2.36
,,,,,,,,,,,,,,,,,,,,,,,0.327,2.38
,,,,,,,,,,,,,,,,,,,,,,,0.218,2.4
,,,,,,,,,,,,,,,,,,,,,,,-0.218,2.42
,,,,,,,,,,,,,,,,,,,,,,,-0.327,2.44
,,,,,,,,,,,,,,,,,,,,,,,0.109,2.46
,,,,,,,,,,,,,,,,,,,,,,,0.654,2.48
,,,,,,,,,,,,,,,,,,,,,,,0.654,2.5
,,,,,,,,,,,,,,,,,,,,,,,7.11E-13,2.52
,,,,,,,,,,,,,,,,,,,,,,,-0.764,2.54
,,,,,,,,,,,,,,,,,,,,,,,-1.091,2.56
,,,,,,,,,,,,,,,,,,,,,,,-0.982,2.58
,,,,,,,,,,,,,,,,,,,,,,,-0.764,2.6
,,,,,,,,,,,,,,,,,,,,,,,-0.545,2.62
,,,,,,,,,,,,,,,,,,,,,,,-0.327,2.64
,,,,,,,,,,,,,,,,,,,,,,,0,2.66
,,,,,,,,,,,,,,,,,,,,,,,0.218,2.68
,,,,,,,,,,,,,,,,,,,,,,,0.218,2.7
,,,,,,,,,,,,,,,,,,,,,,,0.109,2.72
,,,,,,,,,,,,,,,,,,,,,,,2.67E-12,2.74